AGNO,COD_DEPE,COD_REG_RBD,COD_ENSE,PROM_GRAL
2010,Municipal,Región Metropolitana de Santiago,Educacion Basica,5.1654116255764215
2010,Municipal,Región Metropolitana de Santiago,Educacion Media,4.655420707331535
2010,Municipal,Región de Antofagasta,Educacion Basica,5.351091434152971
2010,Municipal,Región de Antofagasta,Educacion Media,4.618547031236173
2010,Municipal,Región de Arica y Parinacota,Educacion Basica,5.500399017802333
2010,Municipal,Región de Arica y Parinacota,Educacion Media,4.880865701590942
2010,Municipal,Región de Atacama,Educacion Basica,5.361351023558381
2010,Municipal,Región de Atacama,Educacion Media,4.653038369744813
2010,Municipal,Región de Aysén del Gral. Ibañez del Campo,Educacion Basica,5.2211853540390365
2010,Municipal,Región de Aysén del Gral. Ibañez del Campo,Educacion Media,4.273609256786827
2010,Municipal,Región de Coquimbo,Educacion Basica,5.342786308381318
2010,Municipal,Región de Coquimbo,Educacion Media,4.734395492300966
2010,Municipal,Región de La Araucanía,Educacion Basica,5.266518164435947
2010,Municipal,Región de La Araucanía,Educacion Media,4.772200442495051
2010,Municipal,Región de Los Lagos,Educacion Basica,5.321785321188726
2010,Municipal,Región de Los Lagos,Educacion Media,4.788740776834192
2010,Municipal,Región de Los Ríos,Educacion Basica,5.371147943523634
2010,Municipal,Región de Los Ríos,Educacion Media,4.854790002198929
2010,Municipal,Región de Magallanes y Antártica Chilena,Educacion Basica,5.509940409361776
2010,Municipal,Región de Magallanes y Antártica Chilena,Educacion Media,5.067845594179467
2010,Municipal,Región de Tarapacá,Educacion Basica,4.881899641577061
2010,Municipal,Región de Tarapacá,Educacion Media,4.3127216916780355
2010,Municipal,Región de Valparaíso,Educacion Basica,5.204902158563647
2010,Municipal,Región de Valparaíso,Educacion Media,4.687423059500652
2010,Municipal,Región del Bío-Bío,Educacion Basica,5.289859784739953
2010,Municipal,Región del Bío-Bío,Educacion Media,4.89713039414239
2010,Municipal,Región del Libertador Bernardo O'Higgins,Educacion Basica,5.300832423580786
2010,Municipal,Región del Libertador Bernardo O'Higgins,Educacion Media,4.863461140610992
2010,Municipal,Región del Maule,Educacion Basica,5.1761131792690005
2010,Municipal,Región del Maule,Educacion Media,4.909355604235123
2010,Particular Pagado,Región Metropolitana de Santiago,Educacion Basica,5.945940581242314
2010,Particular Pagado,Región Metropolitana de Santiago,Educacion Media,5.713006170245704
2010,Particular Pagado,Región de Antofagasta,Educacion Basica,5.922581244196842
2010,Particular Pagado,Región de Antofagasta,Educacion Media,5.521934235976789
2010,Particular Pagado,Región de Arica y Parinacota,Educacion Basica,6.157295373665481
2010,Particular Pagado,Región de Arica y Parinacota,Educacion Media,5.880043859649123
2010,Particular Pagado,Región de Atacama,Educacion Basica,6.068913226621736
2010,Particular Pagado,Región de Atacama,Educacion Media,5.646594982078853
2010,Particular Pagado,Región de Coquimbo,Educacion Basica,5.974798061389338
2010,Particular Pagado,Región de Coquimbo,Educacion Media,5.6070023603461845
2010,Particular Pagado,Región de La Araucanía,Educacion Basica,5.977387782652717
2010,Particular Pagado,Región de La Araucanía,Educacion Media,5.611545510079414
2010,Particular Pagado,Región de Los Lagos,Educacion Basica,5.78382026627219
2010,Particular Pagado,Región de Los Lagos,Educacion Media,5.493614175860917
2010,Particular Pagado,Región de Los Ríos,Educacion Basica,5.90416367552046
2010,Particular Pagado,Región de Los Ríos,Educacion Media,5.779467084639498
2010,Particular Pagado,Región de Magallanes y Antártica Chilena,Educacion Basica,5.9974198047419796
2010,Particular Pagado,Región de Magallanes y Antártica Chilena,Educacion Media,5.646474358974359
2010,Particular Pagado,Región de Tarapacá,Educacion Basica,5.852127659574468
2010,Particular Pagado,Región de Tarapacá,Educacion Media,5.401195219123506
2010,Particular Pagado,Región de Valparaíso,Educacion Basica,5.866841198759904
2010,Particular Pagado,Región de Valparaíso,Educacion Media,5.570511605873993
2010,Particular Pagado,Región del Bío-Bío,Educacion Basica,5.719277731788079
2010,Particular Pagado,Región del Bío-Bío,Educacion Media,5.469577174286696
2010,Particular Pagado,Región del Libertador Bernardo O'Higgins,Educacion Basica,5.988941849380362
2010,Particular Pagado,Región del Libertador Bernardo O'Higgins,Educacion Media,5.511426825542316
2010,Particular Pagado,Región del Maule,Educacion Basica,5.8994285714285715
2010,Particular Pagado,Región del Maule,Educacion Media,5.6366713681241185
2010,Particular Subvencionado,Región Metropolitana de Santiago,Educacion Basica,5.472014250267085
2010,Particular Subvencionado,Región Metropolitana de Santiago,Educacion Media,4.9951941521306535
2010,Particular Subvencionado,Región de Antofagasta,Educacion Basica,5.698706738785636
2010,Particular Subvencionado,Región de Antofagasta,Educacion Media,5.316609654123908
2010,Particular Subvencionado,Región de Arica y Parinacota,Educacion Basica,5.666318085225367
2010,Particular Subvencionado,Región de Arica y Parinacota,Educacion Media,5.05644690333487
2010,Particular Subvencionado,Región de Atacama,Educacion Basica,5.771258420384653
2010,Particular Subvencionado,Región de Atacama,Educacion Media,5.070852518487513
2010,Particular Subvencionado,Región de Aysén del Gral. Ibañez del Campo,Educacion Basica,5.464861091721346
2010,Particular Subvencionado,Región de Aysén del Gral. Ibañez del Campo,Educacion Media,5.010240427426536
2010,Particular Subvencionado,Región de Coquimbo,Educacion Basica,5.587637784604264
2010,Particular Subvencionado,Región de Coquimbo,Educacion Media,5.226006838905775
2010,Particular Subvencionado,Región de La Araucanía,Educacion Basica,5.392220613216742
2010,Particular Subvencionado,Región de La Araucanía,Educacion Media,4.933632152096744
2010,Particular Subvencionado,Región de Los Lagos,Educacion Basica,5.4429946984457835
2010,Particular Subvencionado,Región de Los Lagos,Educacion Media,4.9881915772089185
2010,Particular Subvencionado,Región de Los Ríos,Educacion Basica,5.371958612516523
2010,Particular Subvencionado,Región de Los Ríos,Educacion Media,5.0265712089179315
2010,Particular Subvencionado,Región de Magallanes y Antártica Chilena,Educacion Basica,5.885720837792387
2010,Particular Subvencionado,Región de Magallanes y Antártica Chilena,Educacion Media,5.12685601799775
2010,Particular Subvencionado,Región de Tarapacá,Educacion Basica,5.4165173554249755
2010,Particular Subvencionado,Región de Tarapacá,Educacion Media,4.9334962926749775
2010,Particular Subvencionado,Región de Valparaíso,Educacion Basica,5.5348928365937855
2010,Particular Subvencionado,Región de Valparaíso,Educacion Media,5.148746168849262
2010,Particular Subvencionado,Región del Bío-Bío,Educacion Basica,5.549106898536503
2010,Particular Subvencionado,Región del Bío-Bío,Educacion Media,5.235009683807368
2010,Particular Subvencionado,Región del Libertador Bernardo O'Higgins,Educacion Basica,5.601418337765639
2010,Particular Subvencionado,Región del Libertador Bernardo O'Higgins,Educacion Media,5.1057381948595335
2010,Particular Subvencionado,Región del Maule,Educacion Basica,5.440207507844529
2010,Particular Subvencionado,Región del Maule,Educacion Media,5.1950182943991
2011,Municipal,Región Metropolitana de Santiago,Educacion Basica,5.010761213960066
2011,Municipal,Región Metropolitana de Santiago,Educacion Media,4.452815284374141
2011,Municipal,Región de Antofagasta,Educacion Basica,5.282354347826087
2011,Municipal,Región de Antofagasta,Educacion Media,4.66181260432174
2011,Municipal,Región de Arica y Parinacota,Educacion Basica,5.3456105545084815
2011,Municipal,Región de Arica y Parinacota,Educacion Media,4.479647178889051
2011,Municipal,Región de Atacama,Educacion Basica,5.285260686468154
2011,Municipal,Región de Atacama,Educacion Media,4.681537450722733
2011,Municipal,Región de Aysén del Gral. Ibañez del Campo,Educacion Basica,5.155977784273603
2011,Municipal,Región de Aysén del Gral. Ibañez del Campo,Educacion Media,4.2906741003547895
2011,Municipal,Región de Coquimbo,Educacion Basica,5.253428346719416
2011,Municipal,Región de Coquimbo,Educacion Media,4.612430548540257
2011,Municipal,Región de La Araucanía,Educacion Basica,5.2434180321380515
2011,Municipal,Región de La Araucanía,Educacion Media,4.649931077941003
2011,Municipal,Región de Los Lagos,Educacion Basica,5.258512250778686
2011,Municipal,Región de Los Lagos,Educacion Media,4.3364245428131944
2011,Municipal,Región de Los Ríos,Educacion Basica,5.278325924749961
2011,Municipal,Región de Los Ríos,Educacion Media,4.404995239141581
2011,Municipal,Región de Magallanes y Antártica Chilena,Educacion Basica,5.494705882352941
2011,Municipal,Región de Magallanes y Antártica Chilena,Educacion Media,5.102936857562408
2011,Municipal,Región de Tarapacá,Educacion Basica,4.711506348930249
2011,Municipal,Región de Tarapacá,Educacion Media,4.292066957787482
2011,Municipal,Región de Valparaíso,Educacion Basica,5.08913420926252
2011,Municipal,Región de Valparaíso,Educacion Media,4.406965505749042
2011,Municipal,Región del Bío-Bío,Educacion Basica,5.299868317288378
2011,Municipal,Región del Bío-Bío,Educacion Media,4.704153843648739
2011,Municipal,Región del Libertador Bernardo O'Higgins,Educacion Basica,5.251483964372266
2011,Municipal,Región del Libertador Bernardo O'Higgins,Educacion Media,4.641892954123196
2011,Municipal,Región del Maule,Educacion Basica,5.281769906941975
2011,Municipal,Región del Maule,Educacion Media,4.529884639840131
2011,Particular Pagado,Región Metropolitana de Santiago,Educacion Basica,5.887360704741584
2011,Particular Pagado,Región Metropolitana de Santiago,Educacion Media,5.628597955307025
2011,Particular Pagado,Región de Antofagasta,Educacion Basica,5.774196412715326
2011,Particular Pagado,Región de Antofagasta,Educacion Media,5.436101758323981
2011,Particular Pagado,Región de Arica y Parinacota,Educacion Basica,6.125421686746988
2011,Particular Pagado,Región de Arica y Parinacota,Educacion Media,5.700208768267224
2011,Particular Pagado,Región de Atacama,Educacion Basica,5.77095015576324
2011,Particular Pagado,Región de Atacama,Educacion Media,5.181239530988274
2011,Particular Pagado,Región de Coquimbo,Educacion Basica,5.979136104319478
2011,Particular Pagado,Región de Coquimbo,Educacion Media,5.7135792778649925
2011,Particular Pagado,Región de La Araucanía,Educacion Basica,5.963955757970072
2011,Particular Pagado,Región de La Araucanía,Educacion Media,5.507935483870967
2011,Particular Pagado,Región de Los Lagos,Educacion Basica,5.768318965517241
2011,Particular Pagado,Región de Los Lagos,Educacion Media,5.628399122807017
2011,Particular Pagado,Región de Los Ríos,Educacion Basica,5.9078291814946615
2011,Particular Pagado,Región de Los Ríos,Educacion Media,5.794164037854889
2011,Particular Pagado,Región de Magallanes y Antártica Chilena,Educacion Basica,5.988961510530137
2011,Particular Pagado,Región de Magallanes y Antártica Chilena,Educacion Media,5.653492333901192
2011,Particular Pagado,Región de Tarapacá,Educacion Basica,5.520330969267139
2011,Particular Pagado,Región de Tarapacá,Educacion Media,5.393772893772894
2011,Particular Pagado,Región de Valparaíso,Educacion Basica,5.818069607446378
2011,Particular Pagado,Región de Valparaíso,Educacion Media,5.584554177392932
2011,Particular Pagado,Región del Bío-Bío,Educacion Basica,5.641338459939727
2011,Particular Pagado,Región del Bío-Bío,Educacion Media,5.354833131592599
2011,Particular Pagado,Región del Libertador Bernardo O'Higgins,Educacion Basica,5.931475787855496
2011,Particular Pagado,Región del Libertador Bernardo O'Higgins,Educacion Media,5.330047505938242
2011,Particular Pagado,Región del Maule,Educacion Basica,6.072368751569957
2011,Particular Pagado,Región del Maule,Educacion Media,5.886783514921838
2011,Particular Subvencionado,Región Metropolitana de Santiago,Educacion Basica,5.3551765717737
2011,Particular Subvencionado,Región Metropolitana de Santiago,Educacion Media,4.796604743912678
2011,Particular Subvencionado,Región de Antofagasta,Educacion Basica,5.609124752154736
2011,Particular Subvencionado,Región de Antofagasta,Educacion Media,5.181926496196499
2011,Particular Subvencionado,Región de Arica y Parinacota,Educacion Basica,5.409653965997923
2011,Particular Subvencionado,Región de Arica y Parinacota,Educacion Media,4.887493028443949
2011,Particular Subvencionado,Región de Atacama,Educacion Basica,5.580654676943572
2011,Particular Subvencionado,Región de Atacama,Educacion Media,4.928340575774036
2011,Particular Subvencionado,Región de Aysén del Gral. Ibañez del Campo,Educacion Basica,5.3963196923922
2011,Particular Subvencionado,Región de Aysén del Gral. Ibañez del Campo,Educacion Media,4.926974448315912
2011,Particular Subvencionado,Región de Coquimbo,Educacion Basica,5.573895466996554
2011,Particular Subvencionado,Región de Coquimbo,Educacion Media,5.169533360809635
2011,Particular Subvencionado,Región de La Araucanía,Educacion Basica,5.279234435177745
2011,Particular Subvencionado,Región de La Araucanía,Educacion Media,4.814077352661597
2011,Particular Subvencionado,Región de Los Lagos,Educacion Basica,5.298989240299967
2011,Particular Subvencionado,Región de Los Lagos,Educacion Media,4.856265293637847
2011,Particular Subvencionado,Región de Los Ríos,Educacion Basica,5.2892920555429095
2011,Particular Subvencionado,Región de Los Ríos,Educacion Media,4.820034154233327
2011,Particular Subvencionado,Región de Magallanes y Antártica Chilena,Educacion Basica,5.8614819350887934
2011,Particular Subvencionado,Región de Magallanes y Antártica Chilena,Educacion Media,5.4795089155217775
2011,Particular Subvencionado,Región de Tarapacá,Educacion Basica,5.303297225389586
2011,Particular Subvencionado,Región de Tarapacá,Educacion Media,4.972091368953525
2011,Particular Subvencionado,Región de Valparaíso,Educacion Basica,5.479075799185109
2011,Particular Subvencionado,Región de Valparaíso,Educacion Media,5.125134653426563
2011,Particular Subvencionado,Región del Bío-Bío,Educacion Basica,5.576377245791946
2011,Particular Subvencionado,Región del Bío-Bío,Educacion Media,5.153497855881612
2011,Particular Subvencionado,Región del Libertador Bernardo O'Higgins,Educacion Basica,5.531618616049754
2011,Particular Subvencionado,Región del Libertador Bernardo O'Higgins,Educacion Media,5.009944627775603
2011,Particular Subvencionado,Región del Maule,Educacion Basica,5.52622100892386
2011,Particular Subvencionado,Región del Maule,Educacion Media,5.199085755349729
2012,Municipal,Región Metropolitana de Santiago,Educacion Basica,4.986949664870548
2012,Municipal,Región Metropolitana de Santiago,Educacion Media,4.338619881327375
2012,Municipal,Región de Antofagasta,Educacion Basica,5.143365561291452
2012,Municipal,Región de Antofagasta,Educacion Media,4.470518728044163
2012,Municipal,Región de Arica y Parinacota,Educacion Basica,5.285636507622253
2012,Municipal,Región de Arica y Parinacota,Educacion Media,4.498622291021672
2012,Municipal,Región de Atacama,Educacion Basica,5.2073799644339065
2012,Municipal,Región de Atacama,Educacion Media,4.503856475499454
2012,Municipal,Región de Aysén del Gral. Ibañez del Campo,Educacion Basica,5.072491626620067
2012,Municipal,Región de Aysén del Gral. Ibañez del Campo,Educacion Media,4.0029814271749755
2012,Municipal,Región de Coquimbo,Educacion Basica,5.200941268751839
2012,Municipal,Región de Coquimbo,Educacion Media,4.507241561181435
2012,Municipal,Región de La Araucanía,Educacion Basica,5.223029469468659
2012,Municipal,Región de La Araucanía,Educacion Media,4.552327975294956
2012,Municipal,Región de Los Lagos,Educacion Basica,5.212080239765684
2012,Municipal,Región de Los Lagos,Educacion Media,4.588353813793867
2012,Municipal,Región de Los Ríos,Educacion Basica,5.18795000404498
2012,Municipal,Región de Los Ríos,Educacion Media,4.616850699844479
2012,Municipal,Región de Magallanes y Antártica Chilena,Educacion Basica,5.430499459069599
2012,Municipal,Región de Magallanes y Antártica Chilena,Educacion Media,4.789916506101477
2012,Municipal,Región de Tarapacá,Educacion Basica,4.723544528134692
2012,Municipal,Región de Tarapacá,Educacion Media,4.129998140226892
2012,Municipal,Región de Valparaíso,Educacion Basica,5.092260191999185
2012,Municipal,Región de Valparaíso,Educacion Media,4.4372101246427205
2012,Municipal,Región del Bío-Bío,Educacion Basica,5.281360070014894
2012,Municipal,Región del Bío-Bío,Educacion Media,4.7036435006657555
2012,Municipal,Región del Libertador Bernardo O'Higgins,Educacion Basica,5.226299468162026
2012,Municipal,Región del Libertador Bernardo O'Higgins,Educacion Media,4.750147136497397
2012,Municipal,Región del Maule,Educacion Basica,5.248377382414709
2012,Municipal,Región del Maule,Educacion Media,4.6937617656605
2012,Particular Pagado,Región Metropolitana de Santiago,Educacion Basica,5.789449661454135
2012,Particular Pagado,Región Metropolitana de Santiago,Educacion Media,5.624010587082926
2012,Particular Pagado,Región de Antofagasta,Educacion Basica,5.577878787878788
2012,Particular Pagado,Región de Antofagasta,Educacion Media,5.203642264695276
2012,Particular Pagado,Región de Arica y Parinacota,Educacion Basica,6.06093229744728
2012,Particular Pagado,Región de Arica y Parinacota,Educacion Media,5.534897959183673
2012,Particular Pagado,Región de Atacama,Educacion Basica,5.894779116465863
2012,Particular Pagado,Región de Atacama,Educacion Media,5.434745762711865
2012,Particular Pagado,Región de Coquimbo,Educacion Basica,5.764009831460674
2012,Particular Pagado,Región de Coquimbo,Educacion Media,5.707056936647955
2012,Particular Pagado,Región de La Araucanía,Educacion Basica,5.554117647058824
2012,Particular Pagado,Región de La Araucanía,Educacion Media,5.555136540962288
2012,Particular Pagado,Región de Los Lagos,Educacion Basica,5.834507180798741
2012,Particular Pagado,Región de Los Lagos,Educacion Media,5.60261221486387
2012,Particular Pagado,Región de Los Ríos,Educacion Basica,5.828122819260294
2012,Particular Pagado,Región de Los Ríos,Educacion Media,5.790298507462687
2012,Particular Pagado,Región de Magallanes y Antártica Chilena,Educacion Basica,5.948759744861801
2012,Particular Pagado,Región de Magallanes y Antártica Chilena,Educacion Media,5.7198717948717945
2012,Particular Pagado,Región de Tarapacá,Educacion Basica,5.707888349514564
2012,Particular Pagado,Región de Tarapacá,Educacion Media,5.6563758389261745
2012,Particular Pagado,Región de Valparaíso,Educacion Basica,5.827194675540766
2012,Particular Pagado,Región de Valparaíso,Educacion Media,5.500711153253526
2012,Particular Pagado,Región del Bío-Bío,Educacion Basica,5.780618909947531
2012,Particular Pagado,Región del Bío-Bío,Educacion Media,5.455676262900598
2012,Particular Pagado,Región del Libertador Bernardo O'Higgins,Educacion Basica,5.835377092345308
2012,Particular Pagado,Región del Libertador Bernardo O'Higgins,Educacion Media,5.4383292383292385
2012,Particular Pagado,Región del Maule,Educacion Basica,5.922184466019417
2012,Particular Pagado,Región del Maule,Educacion Media,5.7815704387990765
2012,Particular Subvencionado,Región Metropolitana de Santiago,Educacion Basica,5.300948237607196
2012,Particular Subvencionado,Región Metropolitana de Santiago,Educacion Media,4.826341202191597
2012,Particular Subvencionado,Región de Antofagasta,Educacion Basica,5.406080392526892
2012,Particular Subvencionado,Región de Antofagasta,Educacion Media,5.057060697221731
2012,Particular Subvencionado,Región de Arica y Parinacota,Educacion Basica,5.531220002232391
2012,Particular Subvencionado,Región de Arica y Parinacota,Educacion Media,5.0389501980758356
2012,Particular Subvencionado,Región de Atacama,Educacion Basica,5.460388832580853
2012,Particular Subvencionado,Región de Atacama,Educacion Media,4.954494535519125
2012,Particular Subvencionado,Región de Aysén del Gral. Ibañez del Campo,Educacion Basica,5.2723209477652135
2012,Particular Subvencionado,Región de Aysén del Gral. Ibañez del Campo,Educacion Media,4.768516961031679
2012,Particular Subvencionado,Región de Coquimbo,Educacion Basica,5.427034944549069
2012,Particular Subvencionado,Región de Coquimbo,Educacion Media,5.058772243584011
2012,Particular Subvencionado,Región de La Araucanía,Educacion Basica,5.201972098660019
2012,Particular Subvencionado,Región de La Araucanía,Educacion Media,4.750485583303173
2012,Particular Subvencionado,Región de Los Lagos,Educacion Basica,4.973127841534979
2012,Particular Subvencionado,Región de Los Lagos,Educacion Media,4.79051434603205
2012,Particular Subvencionado,Región de Los Ríos,Educacion Basica,5.23251984843017
2012,Particular Subvencionado,Región de Los Ríos,Educacion Media,4.925583103764922
2012,Particular Subvencionado,Región de Magallanes y Antártica Chilena,Educacion Basica,5.79289725299742
2012,Particular Subvencionado,Región de Magallanes y Antártica Chilena,Educacion Media,5.4276037256562235
2012,Particular Subvencionado,Región de Tarapacá,Educacion Basica,5.332904516866781
2012,Particular Subvencionado,Región de Tarapacá,Educacion Media,4.935353378797273
2012,Particular Subvencionado,Región de Valparaíso,Educacion Basica,5.409652962117916
2012,Particular Subvencionado,Región de Valparaíso,Educacion Media,5.033886838868389
2012,Particular Subvencionado,Región del Bío-Bío,Educacion Basica,5.529389708741459
2012,Particular Subvencionado,Región del Bío-Bío,Educacion Media,5.182690543695797
2012,Particular Subvencionado,Región del Libertador Bernardo O'Higgins,Educacion Basica,5.495005823114338
2012,Particular Subvencionado,Región del Libertador Bernardo O'Higgins,Educacion Media,4.962915683329758
2012,Particular Subvencionado,Región del Maule,Educacion Basica,5.377612762488156
2012,Particular Subvencionado,Región del Maule,Educacion Media,5.072975535748151
2013,Municipal,Región Metropolitana de Santiago,Educacion Basica,4.995087466338712
2013,Municipal,Región Metropolitana de Santiago,Educacion Media,4.458582713550148
2013,Municipal,Región de Antofagasta,Educacion Basica,5.214278642786428
2013,Municipal,Región de Antofagasta,Educacion Media,4.635957193816885
2013,Municipal,Región de Arica y Parinacota,Educacion Basica,5.305165603160134
2013,Municipal,Región de Arica y Parinacota,Educacion Media,4.7629957391019335
2013,Municipal,Región de Atacama,Educacion Basica,5.274843022826328
2013,Municipal,Región de Atacama,Educacion Media,4.552036806287741
2013,Municipal,Región de Aysén del Gral. Ibañez del Campo,Educacion Basica,5.157780440317508
2013,Municipal,Región de Aysén del Gral. Ibañez del Campo,Educacion Media,4.310608424336973
2013,Municipal,Región de Coquimbo,Educacion Basica,5.263888326926968
2013,Municipal,Región de Coquimbo,Educacion Media,4.7245542857142855
2013,Municipal,Región de La Araucanía,Educacion Basica,5.231391719547737
2013,Municipal,Región de La Araucanía,Educacion Media,4.4773614486164455
2013,Municipal,Región de Los Lagos,Educacion Basica,5.22600359180224
2013,Municipal,Región de Los Lagos,Educacion Media,4.630046755189826
2013,Municipal,Región de Los Ríos,Educacion Basica,5.289192692002174
2013,Municipal,Región de Los Ríos,Educacion Media,4.680412287793048
2013,Municipal,Región de Magallanes y Antártica Chilena,Educacion Basica,5.444467697907188
2013,Municipal,Región de Magallanes y Antártica Chilena,Educacion Media,4.956940700808625
2013,Municipal,Región de Tarapacá,Educacion Basica,4.944446459334482
2013,Municipal,Región de Tarapacá,Educacion Media,4.234240818563859
2013,Municipal,Región de Valparaíso,Educacion Basica,5.107441002081124
2013,Municipal,Región de Valparaíso,Educacion Media,4.450098036258334
2013,Municipal,Región del Bío-Bío,Educacion Basica,5.337180092322216
2013,Municipal,Región del Bío-Bío,Educacion Media,4.800323002104958
2013,Municipal,Región del Libertador Bernardo O'Higgins,Educacion Basica,5.268241295922086
2013,Municipal,Región del Libertador Bernardo O'Higgins,Educacion Media,4.772978650269258
2013,Municipal,Región del Maule,Educacion Basica,5.2916890007850785
2013,Municipal,Región del Maule,Educacion Media,4.742743098648241
2013,Particular Pagado,Región Metropolitana de Santiago,Educacion Basica,5.86140729066043
2013,Particular Pagado,Región Metropolitana de Santiago,Educacion Media,5.666167148172011
2013,Particular Pagado,Región de Antofagasta,Educacion Basica,5.798383005707038
2013,Particular Pagado,Región de Antofagasta,Educacion Media,5.4806409417920205
2013,Particular Pagado,Región de Arica y Parinacota,Educacion Basica,6.131978021978022
2013,Particular Pagado,Región de Arica y Parinacota,Educacion Media,5.678367346938776
2013,Particular Pagado,Región de Atacama,Educacion Basica,5.9689683860232945
2013,Particular Pagado,Región de Atacama,Educacion Media,5.898194945848375
2013,Particular Pagado,Región de Coquimbo,Educacion Basica,5.895964457608293
2013,Particular Pagado,Región de Coquimbo,Educacion Media,5.6244771494965144
2013,Particular Pagado,Región de La Araucanía,Educacion Basica,5.408587018954624
2013,Particular Pagado,Región de La Araucanía,Educacion Media,5.550359242325277
2013,Particular Pagado,Región de Los Lagos,Educacion Basica,5.905062778452815
2013,Particular Pagado,Región de Los Lagos,Educacion Media,5.693021442495127
2013,Particular Pagado,Región de Los Ríos,Educacion Basica,5.857221838286109
2013,Particular Pagado,Región de Los Ríos,Educacion Media,5.699999999999999
2013,Particular Pagado,Región de Magallanes y Antártica Chilena,Educacion Basica,6.092725936811169
2013,Particular Pagado,Región de Magallanes y Antártica Chilena,Educacion Media,5.717252396166134
2013,Particular Pagado,Región de Tarapacá,Educacion Basica,5.645413363533408
2013,Particular Pagado,Región de Tarapacá,Educacion Media,5.638562091503268
2013,Particular Pagado,Región de Valparaíso,Educacion Basica,5.858524676695699
2013,Particular Pagado,Región de Valparaíso,Educacion Media,5.509830955520921
2013,Particular Pagado,Región del Bío-Bío,Educacion Basica,5.883816425120774
2013,Particular Pagado,Región del Bío-Bío,Educacion Media,5.546208575173188
2013,Particular Pagado,Región del Libertador Bernardo O'Higgins,Educacion Basica,5.961910133483737
2013,Particular Pagado,Región del Libertador Bernardo O'Higgins,Educacion Media,5.527921869996798
2013,Particular Pagado,Región del Maule,Educacion Basica,5.993315177024016
2013,Particular Pagado,Región del Maule,Educacion Media,5.869939879759519
2013,Particular Subvencionado,Región Metropolitana de Santiago,Educacion Basica,5.338648590534301
2013,Particular Subvencionado,Región Metropolitana de Santiago,Educacion Media,4.859583671994942
2013,Particular Subvencionado,Región de Antofagasta,Educacion Basica,5.485423245782947
2013,Particular Subvencionado,Región de Antofagasta,Educacion Media,5.0735993365278285
2013,Particular Subvencionado,Región de Arica y Parinacota,Educacion Basica,5.542846764278529
2013,Particular Subvencionado,Región de Arica y Parinacota,Educacion Media,5.059288266007145
2013,Particular Subvencionado,Región de Atacama,Educacion Basica,5.631241151486551
2013,Particular Subvencionado,Región de Atacama,Educacion Media,5.143935393694673
2013,Particular Subvencionado,Región de Aysén del Gral. Ibañez del Campo,Educacion Basica,5.422498311951384
2013,Particular Subvencionado,Región de Aysén del Gral. Ibañez del Campo,Educacion Media,5.021828021647624
2013,Particular Subvencionado,Región de Coquimbo,Educacion Basica,5.474484393843387
2013,Particular Subvencionado,Región de Coquimbo,Educacion Media,5.117005200231121
2013,Particular Subvencionado,Región de La Araucanía,Educacion Basica,5.246349990288838
2013,Particular Subvencionado,Región de La Araucanía,Educacion Media,4.809447856605666
2013,Particular Subvencionado,Región de Los Lagos,Educacion Basica,5.168661484616637
2013,Particular Subvencionado,Región de Los Lagos,Educacion Media,4.884233146610006
2013,Particular Subvencionado,Región de Los Ríos,Educacion Basica,5.296719898375828
2013,Particular Subvencionado,Región de Los Ríos,Educacion Media,4.953235099650515
2013,Particular Subvencionado,Región de Magallanes y Antártica Chilena,Educacion Basica,5.811610026141781
2013,Particular Subvencionado,Región de Magallanes y Antártica Chilena,Educacion Media,5.381731843575419
2013,Particular Subvencionado,Región de Tarapacá,Educacion Basica,5.368299001642866
2013,Particular Subvencionado,Región de Tarapacá,Educacion Media,4.991140337060955
2013,Particular Subvencionado,Región de Valparaíso,Educacion Basica,5.451381780052605
2013,Particular Subvencionado,Región de Valparaíso,Educacion Media,5.128080657206871
2013,Particular Subvencionado,Región del Bío-Bío,Educacion Basica,5.590421105573591
2013,Particular Subvencionado,Región del Bío-Bío,Educacion Media,5.162444865822994
2013,Particular Subvencionado,Región del Libertador Bernardo O'Higgins,Educacion Basica,5.556493639487518
2013,Particular Subvencionado,Región del Libertador Bernardo O'Higgins,Educacion Media,5.066236416790777
2013,Particular Subvencionado,Región del Maule,Educacion Basica,5.477335824299959
2013,Particular Subvencionado,Región del Maule,Educacion Media,5.227002208531908
2014,Municipal,Región Metropolitana de Santiago,Educacion Basica,5.010870490351045
2014,Municipal,Región Metropolitana de Santiago,Educacion Media,4.493485367286105
2014,Municipal,Región de Antofagasta,Educacion Basica,5.326253184133916
2014,Municipal,Región de Antofagasta,Educacion Media,4.773671450737005
2014,Municipal,Región de Arica y Parinacota,Educacion Basica,5.39516145358842
2014,Municipal,Región de Arica y Parinacota,Educacion Media,4.795934122490993
2014,Municipal,Región de Atacama,Educacion Basica,5.410700732669547
2014,Municipal,Región de Atacama,Educacion Media,4.816739173422978
2014,Municipal,Región de Aysén del Gral. Ibañez del Campo,Educacion Basica,5.225740352976369
2014,Municipal,Región de Aysén del Gral. Ibañez del Campo,Educacion Media,4.413100898045431
2014,Municipal,Región de Coquimbo,Educacion Basica,5.28423604663159
2014,Municipal,Región de Coquimbo,Educacion Media,4.811354079058032
2014,Municipal,Región de La Araucanía,Educacion Basica,5.280827790096083
2014,Municipal,Región de La Araucanía,Educacion Media,4.644446252746358
2014,Municipal,Región de Los Lagos,Educacion Basica,5.2868212740751375
2014,Municipal,Región de Los Lagos,Educacion Media,4.726821912578736
2014,Municipal,Región de Los Ríos,Educacion Basica,5.374451579537128
2014,Municipal,Región de Los Ríos,Educacion Media,4.734701873935264
2014,Municipal,Región de Magallanes y Antártica Chilena,Educacion Basica,5.5465420204140035
2014,Municipal,Región de Magallanes y Antártica Chilena,Educacion Media,4.994265703655066
2014,Municipal,Región de Tarapacá,Educacion Basica,4.962441439052418
2014,Municipal,Región de Tarapacá,Educacion Media,4.466334256694368
2014,Municipal,Región de Valparaíso,Educacion Basica,5.116916265486018
2014,Municipal,Región de Valparaíso,Educacion Media,4.620389367040366
2014,Municipal,Región del Bío-Bío,Educacion Basica,5.3984176197504805
2014,Municipal,Región del Bío-Bío,Educacion Media,4.890380136729021
2014,Municipal,Región del Libertador Bernardo O'Higgins,Educacion Basica,5.326029404334865
2014,Municipal,Región del Libertador Bernardo O'Higgins,Educacion Media,4.815507059329657
2014,Municipal,Región del Maule,Educacion Basica,5.361325737098183
2014,Municipal,Región del Maule,Educacion Media,4.854668637595467
2014,Particular Pagado,Región Metropolitana de Santiago,Educacion Basica,5.904411334791681
2014,Particular Pagado,Región Metropolitana de Santiago,Educacion Media,5.746447639466936
2014,Particular Pagado,Región de Antofagasta,Educacion Basica,5.875358478802993
2014,Particular Pagado,Región de Antofagasta,Educacion Media,5.497303595206392
2014,Particular Pagado,Región de Arica y Parinacota,Educacion Basica,6.120841683366733
2014,Particular Pagado,Región de Arica y Parinacota,Educacion Media,5.82701030927835
2014,Particular Pagado,Región de Atacama,Educacion Basica,5.955564387917329
2014,Particular Pagado,Región de Atacama,Educacion Media,5.768665377176015
2014,Particular Pagado,Región de Coquimbo,Educacion Basica,5.997171500179018
2014,Particular Pagado,Región de Coquimbo,Educacion Media,5.674183514774494
2014,Particular Pagado,Región de La Araucanía,Educacion Basica,5.839085989176187
2014,Particular Pagado,Región de La Araucanía,Educacion Media,5.484050297816015
2014,Particular Pagado,Región de Los Lagos,Educacion Basica,5.969295945128102
2014,Particular Pagado,Región de Los Lagos,Educacion Media,5.700980776775205
2014,Particular Pagado,Región de Los Ríos,Educacion Basica,5.908071135430917
2014,Particular Pagado,Región de Los Ríos,Educacion Media,5.758149779735683
2014,Particular Pagado,Región de Magallanes y Antártica Chilena,Educacion Basica,6.114714285714286
2014,Particular Pagado,Región de Magallanes y Antártica Chilena,Educacion Media,5.851311475409837
2014,Particular Pagado,Región de Tarapacá,Educacion Basica,5.899885452462772
2014,Particular Pagado,Región de Tarapacá,Educacion Media,5.911178247734139
2014,Particular Pagado,Región de Valparaíso,Educacion Basica,5.973763808521831
2014,Particular Pagado,Región de Valparaíso,Educacion Media,5.738117416350043
2014,Particular Pagado,Región del Bío-Bío,Educacion Basica,5.98491468318661
2014,Particular Pagado,Región del Bío-Bío,Educacion Media,5.725730207532667
2014,Particular Pagado,Región del Libertador Bernardo O'Higgins,Educacion Basica,5.9159032612678635
2014,Particular Pagado,Región del Libertador Bernardo O'Higgins,Educacion Media,5.652089503126029
2014,Particular Pagado,Región del Maule,Educacion Basica,6.106333498268184
2014,Particular Pagado,Región del Maule,Educacion Media,5.892389112903226
2014,Particular Subvencionado,Región Metropolitana de Santiago,Educacion Basica,5.358341025167682
2014,Particular Subvencionado,Región Metropolitana de Santiago,Educacion Media,4.920883735939517
2014,Particular Subvencionado,Región de Antofagasta,Educacion Basica,5.551997279014398
2014,Particular Subvencionado,Región de Antofagasta,Educacion Media,5.2018454332552695
2014,Particular Subvencionado,Región de Arica y Parinacota,Educacion Basica,5.530863710631585
2014,Particular Subvencionado,Región de Arica y Parinacota,Educacion Media,5.087391960488407
2014,Particular Subvencionado,Región de Atacama,Educacion Basica,5.660358509943049
2014,Particular Subvencionado,Región de Atacama,Educacion Media,5.182511139401655
2014,Particular Subvencionado,Región de Aysén del Gral. Ibañez del Campo,Educacion Basica,5.4956866433754366
2014,Particular Subvencionado,Región de Aysén del Gral. Ibañez del Campo,Educacion Media,5.129623873173764
2014,Particular Subvencionado,Región de Coquimbo,Educacion Basica,5.511185535155393
2014,Particular Subvencionado,Región de Coquimbo,Educacion Media,5.197507279625871
2014,Particular Subvencionado,Región de La Araucanía,Educacion Basica,5.300223415622441
2014,Particular Subvencionado,Región de La Araucanía,Educacion Media,4.848973635567662
2014,Particular Subvencionado,Región de Los Lagos,Educacion Basica,5.24075928917609
2014,Particular Subvencionado,Región de Los Lagos,Educacion Media,4.918174764814276
2014,Particular Subvencionado,Región de Los Ríos,Educacion Basica,5.355971027614305
2014,Particular Subvencionado,Región de Los Ríos,Educacion Media,5.019885314413451
2014,Particular Subvencionado,Región de Magallanes y Antártica Chilena,Educacion Basica,5.82899741366195
2014,Particular Subvencionado,Región de Magallanes y Antártica Chilena,Educacion Media,5.516448491747297
2014,Particular Subvencionado,Región de Tarapacá,Educacion Basica,5.3668351113606585
2014,Particular Subvencionado,Región de Tarapacá,Educacion Media,5.099203250736993
2014,Particular Subvencionado,Región de Valparaíso,Educacion Basica,5.468189777296765
2014,Particular Subvencionado,Región de Valparaíso,Educacion Media,5.180847380947697
2014,Particular Subvencionado,Región del Bío-Bío,Educacion Basica,5.635284971751413
2014,Particular Subvencionado,Región del Bío-Bío,Educacion Media,5.247062872877467
2014,Particular Subvencionado,Región del Libertador Bernardo O'Higgins,Educacion Basica,5.568361770937884
2014,Particular Subvencionado,Región del Libertador Bernardo O'Higgins,Educacion Media,5.154428969359332
2014,Particular Subvencionado,Región del Maule,Educacion Basica,5.536679437512039
2014,Particular Subvencionado,Región del Maule,Educacion Media,5.3044468118686865
2015,Municipal,Región Metropolitana de Santiago,Educacion Basica,5.032281392365872
2015,Municipal,Región Metropolitana de Santiago,Educacion Media,4.594003985598996
2015,Municipal,Región de Antofagasta,Educacion Basica,5.310170221446542
2015,Municipal,Región de Antofagasta,Educacion Media,4.807836838006231
2015,Municipal,Región de Arica y Parinacota,Educacion Basica,5.445126135216952
2015,Municipal,Región de Arica y Parinacota,Educacion Media,4.959461805555556
2015,Municipal,Región de Atacama,Educacion Basica,5.252767267601454
2015,Municipal,Región de Atacama,Educacion Media,4.7133548576460225
2015,Municipal,Región de Aysén del Gral. Ibañez del Campo,Educacion Basica,5.205248290217068
2015,Municipal,Región de Aysén del Gral. Ibañez del Campo,Educacion Media,4.396754563894524
2015,Municipal,Región de Coquimbo,Educacion Basica,5.231325675256132
2015,Municipal,Región de Coquimbo,Educacion Media,4.8166099874709145
2015,Municipal,Región de La Araucanía,Educacion Basica,5.279732934515543
2015,Municipal,Región de La Araucanía,Educacion Media,4.802353889218763
2015,Municipal,Región de Los Lagos,Educacion Basica,5.230818474447538
2015,Municipal,Región de Los Lagos,Educacion Media,4.6852033075405854
2015,Municipal,Región de Los Ríos,Educacion Basica,5.312922673656619
2015,Municipal,Región de Los Ríos,Educacion Media,4.819283129415819
2015,Municipal,Región de Magallanes y Antártica Chilena,Educacion Basica,5.549627597020776
2015,Municipal,Región de Magallanes y Antártica Chilena,Educacion Media,4.910937499999999
2015,Municipal,Región de Tarapacá,Educacion Basica,5.078754063790528
2015,Municipal,Región de Tarapacá,Educacion Media,4.546321321321321
2015,Municipal,Región de Valparaíso,Educacion Basica,5.12540858604262
2015,Municipal,Región de Valparaíso,Educacion Media,4.686577740725302
2015,Municipal,Región del Bío-Bío,Educacion Basica,5.372669376693767
2015,Municipal,Región del Bío-Bío,Educacion Media,4.965075714011884
2015,Municipal,Región del Libertador Bernardo O'Higgins,Educacion Basica,5.335458345518036
2015,Municipal,Región del Libertador Bernardo O'Higgins,Educacion Media,4.888146825396825
2015,Municipal,Región del Maule,Educacion Basica,5.377304755488182
2015,Municipal,Región del Maule,Educacion Media,4.898139268589422
2015,Particular Pagado,Región Metropolitana de Santiago,Educacion Basica,5.951799036177825
2015,Particular Pagado,Región Metropolitana de Santiago,Educacion Media,5.780571653282556
2015,Particular Pagado,Región de Antofagasta,Educacion Basica,5.628179982693972
2015,Particular Pagado,Región de Antofagasta,Educacion Media,5.369256530475552
2015,Particular Pagado,Región de Arica y Parinacota,Educacion Basica,6.219669117647059
2015,Particular Pagado,Región de Arica y Parinacota,Educacion Media,5.846511627906977
2015,Particular Pagado,Región de Atacama,Educacion Basica,5.752437106918239
2015,Particular Pagado,Región de Atacama,Educacion Media,5.709784735812133
2015,Particular Pagado,Región de Coquimbo,Educacion Basica,5.8375751503006015
2015,Particular Pagado,Región de Coquimbo,Educacion Media,5.420679681851048
2015,Particular Pagado,Región de La Araucanía,Educacion Basica,5.910367796119316
2015,Particular Pagado,Región de La Araucanía,Educacion Media,5.546341463414634
2015,Particular Pagado,Región de Los Lagos,Educacion Basica,5.977553816046966
2015,Particular Pagado,Región de Los Lagos,Educacion Media,5.650038431975403
2015,Particular Pagado,Región de Los Ríos,Educacion Basica,6.021214235868807
2015,Particular Pagado,Región de Los Ríos,Educacion Media,5.905087209302326
2015,Particular Pagado,Región de Magallanes y Antártica Chilena,Educacion Basica,5.841483870967742
2015,Particular Pagado,Región de Magallanes y Antártica Chilena,Educacion Media,5.510303030303031
2015,Particular Pagado,Región de Tarapacá,Educacion Basica,6.021734104046243
2015,Particular Pagado,Región de Tarapacá,Educacion Media,5.872191011235955
2015,Particular Pagado,Región de Valparaíso,Educacion Basica,5.9364075266155
2015,Particular Pagado,Región de Valparaíso,Educacion Media,5.685526161081717
2015,Particular Pagado,Región del Bío-Bío,Educacion Basica,6.026300547034216
2015,Particular Pagado,Región del Bío-Bío,Educacion Media,5.687900703674746
2015,Particular Pagado,Región del Libertador Bernardo O'Higgins,Educacion Basica,6.028131758442854
2015,Particular Pagado,Región del Libertador Bernardo O'Higgins,Educacion Media,5.31439949028353
2015,Particular Pagado,Región del Maule,Educacion Basica,6.229616979751159
2015,Particular Pagado,Región del Maule,Educacion Media,6.071314529004789
2015,Particular Subvencionado,Región Metropolitana de Santiago,Educacion Basica,5.37696274490757
2015,Particular Subvencionado,Región Metropolitana de Santiago,Educacion Media,4.925707920147351
2015,Particular Subvencionado,Región de Antofagasta,Educacion Basica,5.5480675968066855
2015,Particular Subvencionado,Región de Antofagasta,Educacion Media,5.269613208422224
2015,Particular Subvencionado,Región de Arica y Parinacota,Educacion Basica,5.575134710372699
2015,Particular Subvencionado,Región de Arica y Parinacota,Educacion Media,5.1550425273390035
2015,Particular Subvencionado,Región de Atacama,Educacion Basica,5.552896477740032
2015,Particular Subvencionado,Región de Atacama,Educacion Media,5.137464920486435
2015,Particular Subvencionado,Región de Aysén del Gral. Ibañez del Campo,Educacion Basica,5.546792945787067
2015,Particular Subvencionado,Región de Aysén del Gral. Ibañez del Campo,Educacion Media,5.122177544076709
2015,Particular Subvencionado,Región de Coquimbo,Educacion Basica,5.499835739934296
2015,Particular Subvencionado,Región de Coquimbo,Educacion Media,5.159817312617381
2015,Particular Subvencionado,Región de La Araucanía,Educacion Basica,5.29647841899403
2015,Particular Subvencionado,Región de La Araucanía,Educacion Media,4.88326222193271
2015,Particular Subvencionado,Región de Los Lagos,Educacion Basica,5.388761681297787
2015,Particular Subvencionado,Región de Los Lagos,Educacion Media,4.955068532958784
2015,Particular Subvencionado,Región de Los Ríos,Educacion Basica,5.350790147435331
2015,Particular Subvencionado,Región de Los Ríos,Educacion Media,5.013782143889049
2015,Particular Subvencionado,Región de Magallanes y Antártica Chilena,Educacion Basica,5.754684287812041
2015,Particular Subvencionado,Región de Magallanes y Antártica Chilena,Educacion Media,5.457106953364982
2015,Particular Subvencionado,Región de Tarapacá,Educacion Basica,5.484248945944245
2015,Particular Subvencionado,Región de Tarapacá,Educacion Media,5.10910032671926
2015,Particular Subvencionado,Región de Valparaíso,Educacion Basica,5.495615701864224
2015,Particular Subvencionado,Región de Valparaíso,Educacion Media,5.180725378415569
2015,Particular Subvencionado,Región del Bío-Bío,Educacion Basica,5.6577891877159505
2015,Particular Subvencionado,Región del Bío-Bío,Educacion Media,5.310985279807872
2015,Particular Subvencionado,Región del Libertador Bernardo O'Higgins,Educacion Basica,5.588546313303595
2015,Particular Subvencionado,Región del Libertador Bernardo O'Higgins,Educacion Media,5.1606117181923015
2015,Particular Subvencionado,Región del Maule,Educacion Basica,5.532045842173136
2015,Particular Subvencionado,Región del Maule,Educacion Media,5.337305079512119
2016,Municipal,Región Metropolitana de Santiago,Educacion Basica,5.094957398791283
2016,Municipal,Región Metropolitana de Santiago,Educacion Media,4.651974319258311
2016,Municipal,Región de Antofagasta,Educacion Basica,5.3792320246622545
2016,Municipal,Región de Antofagasta,Educacion Media,4.874463712910987
2016,Municipal,Región de Arica y Parinacota,Educacion Basica,5.536138211382114
2016,Municipal,Región de Arica y Parinacota,Educacion Media,4.946945505032975
2016,Municipal,Región de Atacama,Educacion Basica,5.468414095252483
2016,Municipal,Región de Atacama,Educacion Media,4.750653753026635
2016,Municipal,Región de Aysén del Gral. Ibañez del Campo,Educacion Basica,5.341018366432731
2016,Municipal,Región de Aysén del Gral. Ibañez del Campo,Educacion Media,4.687506222000996
2016,Municipal,Región de Coquimbo,Educacion Basica,5.316607199076503
2016,Municipal,Región de Coquimbo,Educacion Media,4.830684750645141
2016,Municipal,Región de La Araucanía,Educacion Basica,5.408985619564282
2016,Municipal,Región de La Araucanía,Educacion Media,4.916150500217486
2016,Municipal,Región de Los Lagos,Educacion Basica,5.3006275844402975
2016,Municipal,Región de Los Lagos,Educacion Media,4.765881374722839
2016,Municipal,Región de Los Ríos,Educacion Basica,5.4181542251352655
2016,Municipal,Región de Los Ríos,Educacion Media,5.012335308161641
2016,Municipal,Región de Magallanes y Antártica Chilena,Educacion Basica,5.5783943211357725
2016,Municipal,Región de Magallanes y Antártica Chilena,Educacion Media,4.9652943780433825
2016,Municipal,Región de Tarapacá,Educacion Basica,5.1557669339703125
2016,Municipal,Región de Tarapacá,Educacion Media,4.694909627443748
2016,Municipal,Región de Valparaíso,Educacion Basica,5.210690891969367
2016,Municipal,Región de Valparaíso,Educacion Media,4.741533409949105
2016,Municipal,Región del Bío-Bío,Educacion Basica,5.451031098271931
2016,Municipal,Región del Bío-Bío,Educacion Media,5.019408011343495
2016,Municipal,Región del Libertador Bernardo O'Higgins,Educacion Basica,5.411912069974983
2016,Municipal,Región del Libertador Bernardo O'Higgins,Educacion Media,4.956025121555916
2016,Municipal,Región del Maule,Educacion Basica,5.442864632781171
2016,Municipal,Región del Maule,Educacion Media,5.002502553626149
2016,Particular Pagado,Región Metropolitana de Santiago,Educacion Basica,6.006185015577493
2016,Particular Pagado,Región Metropolitana de Santiago,Educacion Media,5.840410064863345
2016,Particular Pagado,Región de Antofagasta,Educacion Basica,5.882374469330991
2016,Particular Pagado,Región de Antofagasta,Educacion Media,5.503301384451544
2016,Particular Pagado,Región de Arica y Parinacota,Educacion Basica,6.274824561403509
2016,Particular Pagado,Región de Arica y Parinacota,Educacion Media,5.755992141453832
2016,Particular Pagado,Región de Atacama,Educacion Basica,6.122
2016,Particular Pagado,Región de Atacama,Educacion Media,5.824223602484472
2016,Particular Pagado,Región de Coquimbo,Educacion Basica,5.901708074534161
2016,Particular Pagado,Región de Coquimbo,Educacion Media,5.737890044576523
2016,Particular Pagado,Región de La Araucanía,Educacion Basica,6.084917175239756
2016,Particular Pagado,Región de La Araucanía,Educacion Media,5.714247311827957
2016,Particular Pagado,Región de Los Lagos,Educacion Basica,6.015788490284006
2016,Particular Pagado,Región de Los Lagos,Educacion Media,5.800712589073634
2016,Particular Pagado,Región de Los Ríos,Educacion Basica,6.067173462335868
2016,Particular Pagado,Región de Los Ríos,Educacion Media,5.909672830725462
2016,Particular Pagado,Región de Magallanes y Antártica Chilena,Educacion Basica,5.956087408949012
2016,Particular Pagado,Región de Magallanes y Antártica Chilena,Educacion Media,5.712830188679245
2016,Particular Pagado,Región de Tarapacá,Educacion Basica,6.141275571600481
2016,Particular Pagado,Región de Tarapacá,Educacion Media,5.945970149253732
2016,Particular Pagado,Región de Valparaíso,Educacion Basica,5.916836138382421
2016,Particular Pagado,Región de Valparaíso,Educacion Media,5.750555360692155
2016,Particular Pagado,Región del Bío-Bío,Educacion Basica,6.042672772689426
2016,Particular Pagado,Región del Bío-Bío,Educacion Media,5.799880999603332
2016,Particular Pagado,Región del Libertador Bernardo O'Higgins,Educacion Basica,6.113770053475936
2016,Particular Pagado,Región del Libertador Bernardo O'Higgins,Educacion Media,5.731969137873197
2016,Particular Pagado,Región del Maule,Educacion Basica,6.2509274477576895
2016,Particular Pagado,Región del Maule,Educacion Media,6.0552462526766595
2016,Particular Subvencionado,Región Metropolitana de Santiago,Educacion Basica,5.3935588896081645
2016,Particular Subvencionado,Región Metropolitana de Santiago,Educacion Media,4.970866889312977
2016,Particular Subvencionado,Región de Antofagasta,Educacion Basica,5.614129393559797
2016,Particular Subvencionado,Región de Antofagasta,Educacion Media,5.215270544620002
2016,Particular Subvencionado,Región de Arica y Parinacota,Educacion Basica,5.671079248638435
2016,Particular Subvencionado,Región de Arica y Parinacota,Educacion Media,5.233742246726396
2016,Particular Subvencionado,Región de Atacama,Educacion Basica,5.7670230114151115
2016,Particular Subvencionado,Región de Atacama,Educacion Media,5.298329129886507
2016,Particular Subvencionado,Región de Aysén del Gral. Ibañez del Campo,Educacion Basica,5.621792526783381
2016,Particular Subvencionado,Región de Aysén del Gral. Ibañez del Campo,Educacion Media,5.103475853583514
2016,Particular Subvencionado,Región de Coquimbo,Educacion Basica,5.572661206815401
2016,Particular Subvencionado,Región de Coquimbo,Educacion Media,5.210277718889124
2016,Particular Subvencionado,Región de La Araucanía,Educacion Basica,5.3342179964172525
2016,Particular Subvencionado,Región de La Araucanía,Educacion Media,4.901520900217272
2016,Particular Subvencionado,Región de Los Lagos,Educacion Basica,5.455518842107397
2016,Particular Subvencionado,Región de Los Lagos,Educacion Media,5.1032128906250005
2016,Particular Subvencionado,Región de Los Ríos,Educacion Basica,5.382771917383211
2016,Particular Subvencionado,Región de Los Ríos,Educacion Media,5.023760389796503
2016,Particular Subvencionado,Región de Magallanes y Antártica Chilena,Educacion Basica,5.8128530433469265
2016,Particular Subvencionado,Región de Magallanes y Antártica Chilena,Educacion Media,5.534144893111639
2016,Particular Subvencionado,Región de Tarapacá,Educacion Basica,5.497574191137546
2016,Particular Subvencionado,Región de Tarapacá,Educacion Media,5.1180452316938165
2016,Particular Subvencionado,Región de Valparaíso,Educacion Basica,5.516140031233733
2016,Particular Subvencionado,Región de Valparaíso,Educacion Media,5.202442798934336
2016,Particular Subvencionado,Región del Bío-Bío,Educacion Basica,5.706298701860292
2016,Particular Subvencionado,Región del Bío-Bío,Educacion Media,5.3727203600567215
2016,Particular Subvencionado,Región del Libertador Bernardo O'Higgins,Educacion Basica,5.612609043786085
2016,Particular Subvencionado,Región del Libertador Bernardo O'Higgins,Educacion Media,5.207562021605776
2016,Particular Subvencionado,Región del Maule,Educacion Basica,5.589657138203436
2016,Particular Subvencionado,Región del Maule,Educacion Media,5.300761764819613
2017,Municipal,Región Metropolitana de Santiago,Educacion Basica,5.182733771009345
2017,Municipal,Región Metropolitana de Santiago,Educacion Media,4.744903568699461
2017,Municipal,Región de Antofagasta,Educacion Basica,5.4441066858246145
2017,Municipal,Región de Antofagasta,Educacion Media,4.951646818476257
2017,Municipal,Región de Arica y Parinacota,Educacion Basica,5.6482523696682465
2017,Municipal,Región de Arica y Parinacota,Educacion Media,5.084200072228241
2017,Municipal,Región de Atacama,Educacion Basica,5.532500560999327
2017,Municipal,Región de Atacama,Educacion Media,4.92507173246265
2017,Municipal,Región de Aysén del Gral. Ibañez del Campo,Educacion Basica,5.439896296296297
2017,Municipal,Región de Aysén del Gral. Ibañez del Campo,Educacion Media,4.732265774378585
2017,Municipal,Región de Coquimbo,Educacion Basica,5.3498521204639555
2017,Municipal,Región de Coquimbo,Educacion Media,4.916267060125415
2017,Municipal,Región de La Araucanía,Educacion Basica,5.462522739772391
2017,Municipal,Región de La Araucanía,Educacion Media,4.994659654523687
2017,Municipal,Región de Los Lagos,Educacion Basica,5.313142198477752
2017,Municipal,Región de Los Lagos,Educacion Media,4.843995063890769
2017,Municipal,Región de Los Ríos,Educacion Basica,5.449830611535789
2017,Municipal,Región de Los Ríos,Educacion Media,4.994806981342963
2017,Municipal,Región de Magallanes y Antártica Chilena,Educacion Basica,5.576220936135648
2017,Municipal,Región de Magallanes y Antártica Chilena,Educacion Media,5.050723306544202
2017,Municipal,Región de Tarapacá,Educacion Basica,5.291673550305633
2017,Municipal,Región de Tarapacá,Educacion Media,4.881022561863173
2017,Municipal,Región de Valparaíso,Educacion Basica,5.285417581814188
2017,Municipal,Región de Valparaíso,Educacion Media,4.806019201153379
2017,Municipal,Región del Bío-Bío,Educacion Basica,5.483479346984731
2017,Municipal,Región del Bío-Bío,Educacion Media,5.080846810111047
2017,Municipal,Región del Libertador Bernardo O'Higgins,Educacion Basica,5.3805546286376655
2017,Municipal,Región del Libertador Bernardo O'Higgins,Educacion Media,4.987904905845349
2017,Municipal,Región del Maule,Educacion Basica,5.453044824431778
2017,Municipal,Región del Maule,Educacion Media,5.089630009900627
2017,Particular Pagado,Región Metropolitana de Santiago,Educacion Basica,6.048256368775505
2017,Particular Pagado,Región Metropolitana de Santiago,Educacion Media,5.8570382982054445
2017,Particular Pagado,Región de Antofagasta,Educacion Basica,5.731098511693834
2017,Particular Pagado,Región de Antofagasta,Educacion Media,5.461546647747428
2017,Particular Pagado,Región de Arica y Parinacota,Educacion Basica,6.218012924071082
2017,Particular Pagado,Región de Arica y Parinacota,Educacion Media,5.8374745417515275
2017,Particular Pagado,Región de Atacama,Educacion Basica,6.1286956521739135
2017,Particular Pagado,Región de Atacama,Educacion Media,5.6977035490605425
2017,Particular Pagado,Región de Coquimbo,Educacion Basica,6.003430152143846
2017,Particular Pagado,Región de Coquimbo,Educacion Media,5.863022508038585
2017,Particular Pagado,Región de La Araucanía,Educacion Basica,6.056856829402085
2017,Particular Pagado,Región de La Araucanía,Educacion Media,5.864027303754265
2017,Particular Pagado,Región de Los Lagos,Educacion Basica,5.984835630965005
2017,Particular Pagado,Región de Los Lagos,Educacion Media,5.886617817200154
2017,Particular Pagado,Región de Los Ríos,Educacion Basica,5.859498031496063
2017,Particular Pagado,Región de Los Ríos,Educacion Media,5.964285714285714
2017,Particular Pagado,Región de Magallanes y Antártica Chilena,Educacion Basica,6.052843482637141
2017,Particular Pagado,Región de Magallanes y Antártica Chilena,Educacion Media,5.746428571428571
2017,Particular Pagado,Región de Tarapacá,Educacion Basica,6.101639344262295
2017,Particular Pagado,Región de Tarapacá,Educacion Media,5.883928571428571
2017,Particular Pagado,Región de Valparaíso,Educacion Basica,5.937043026277793
2017,Particular Pagado,Región de Valparaíso,Educacion Media,5.7385960847909185
2017,Particular Pagado,Región del Bío-Bío,Educacion Basica,6.03229713362939
2017,Particular Pagado,Región del Bío-Bío,Educacion Media,5.830148075024679
2017,Particular Pagado,Región del Libertador Bernardo O'Higgins,Educacion Basica,6.0998680738786275
2017,Particular Pagado,Región del Libertador Bernardo O'Higgins,Educacion Media,5.793012524719842
2017,Particular Pagado,Región del Maule,Educacion Basica,6.243092406221408
2017,Particular Pagado,Región del Maule,Educacion Media,6.123658661216147
2017,Particular Subvencionado,Región Metropolitana de Santiago,Educacion Basica,5.413657868552087
2017,Particular Subvencionado,Región Metropolitana de Santiago,Educacion Media,5.032249301496758
2017,Particular Subvencionado,Región de Antofagasta,Educacion Basica,5.590335796327457
2017,Particular Subvencionado,Región de Antofagasta,Educacion Media,5.362603829675614
2017,Particular Subvencionado,Región de Arica y Parinacota,Educacion Basica,5.672257639041547
2017,Particular Subvencionado,Región de Arica y Parinacota,Educacion Media,5.353931972789116
2017,Particular Subvencionado,Región de Atacama,Educacion Basica,5.702211108186365
2017,Particular Subvencionado,Región de Atacama,Educacion Media,5.339591898888381
2017,Particular Subvencionado,Región de Aysén del Gral. Ibañez del Campo,Educacion Basica,5.58078541374474
2017,Particular Subvencionado,Región de Aysén del Gral. Ibañez del Campo,Educacion Media,5.151818181818181
2017,Particular Subvencionado,Región de Coquimbo,Educacion Basica,5.500190975064113
2017,Particular Subvencionado,Región de Coquimbo,Educacion Media,5.256032864828794
2017,Particular Subvencionado,Región de La Araucanía,Educacion Basica,5.406824336522838
2017,Particular Subvencionado,Región de La Araucanía,Educacion Media,4.925922047321399
2017,Particular Subvencionado,Región de Los Lagos,Educacion Basica,5.441594624410792
2017,Particular Subvencionado,Región de Los Lagos,Educacion Media,5.140801614763553
2017,Particular Subvencionado,Región de Los Ríos,Educacion Basica,5.408374650680609
2017,Particular Subvencionado,Región de Los Ríos,Educacion Media,5.093050382277985
2017,Particular Subvencionado,Región de Magallanes y Antártica Chilena,Educacion Basica,5.844346289752651
2017,Particular Subvencionado,Región de Magallanes y Antártica Chilena,Educacion Media,5.484331248138219
2017,Particular Subvencionado,Región de Tarapacá,Educacion Basica,5.487236498390134
2017,Particular Subvencionado,Región de Tarapacá,Educacion Media,5.212321937321937
2017,Particular Subvencionado,Región de Valparaíso,Educacion Basica,5.533040386999036
2017,Particular Subvencionado,Región de Valparaíso,Educacion Media,5.259415087678004
2017,Particular Subvencionado,Región del Bío-Bío,Educacion Basica,5.703355857951133
2017,Particular Subvencionado,Región del Bío-Bío,Educacion Media,5.424949232393795
2017,Particular Subvencionado,Región del Libertador Bernardo O'Higgins,Educacion Basica,5.5777160017856415
2017,Particular Subvencionado,Región del Libertador Bernardo O'Higgins,Educacion Media,5.207199190024513
2017,Particular Subvencionado,Región del Maule,Educacion Basica,5.616180523884118
2017,Particular Subvencionado,Región del Maule,Educacion Media,5.323360904537866
2018,Municipal,Región Metropolitana de Santiago,Educacion Basica,5.177143043981914
2018,Municipal,Región Metropolitana de Santiago,Educacion Media,4.786774852606386
2018,Municipal,Región de Antofagasta,Educacion Basica,5.449118138634764
2018,Municipal,Región de Antofagasta,Educacion Media,5.03352519438554
2018,Municipal,Región de Arica y Parinacota,Educacion Basica,5.6546050096339115
2018,Municipal,Región de Arica y Parinacota,Educacion Media,5.148015506738047
2018,Municipal,Región de Atacama,Educacion Basica,5.454445538908186
2018,Municipal,Región de Atacama,Educacion Media,4.83714501510574
2018,Municipal,Región de Aysén del Gral. Ibañez del Campo,Educacion Basica,5.346676363636364
2018,Municipal,Región de Aysén del Gral. Ibañez del Campo,Educacion Media,4.822383325781604
2018,Municipal,Región de Coquimbo,Educacion Basica,5.363936533818318
2018,Municipal,Región de Coquimbo,Educacion Media,4.91693998309383
2018,Municipal,Región de La Araucanía,Educacion Basica,5.456266414781367
2018,Municipal,Región de La Araucanía,Educacion Media,5.04408178938274
2018,Municipal,Región de Los Lagos,Educacion Basica,5.3028922975665935
2018,Municipal,Región de Los Lagos,Educacion Media,4.895342291988742
2018,Municipal,Región de Los Ríos,Educacion Basica,5.4125283470968295
2018,Municipal,Región de Los Ríos,Educacion Media,5.058023315618035
2018,Municipal,Región de Magallanes y Antártica Chilena,Educacion Basica,5.5454976781748435
2018,Municipal,Región de Magallanes y Antártica Chilena,Educacion Media,5.1379229871645276
2018,Municipal,Región de Tarapacá,Educacion Basica,5.325673039406945
2018,Municipal,Región de Tarapacá,Educacion Media,4.782595101615425
2018,Municipal,Región de Valparaíso,Educacion Basica,5.263399695747073
2018,Municipal,Región de Valparaíso,Educacion Media,4.860748093610307
2018,Municipal,Región de Ñuble,Educacion Basica,5.513994536667368
2018,Municipal,Región de Ñuble,Educacion Media,5.193490379428161
2018,Municipal,Región del Bío-Bío,Educacion Basica,5.4391927416540655
2018,Municipal,Región del Bío-Bío,Educacion Media,5.098912769285102
2018,Municipal,Región del Libertador Bernardo O'Higgins,Educacion Basica,5.391185542001663
2018,Municipal,Región del Libertador Bernardo O'Higgins,Educacion Media,5.001121334100057
2018,Municipal,Región del Maule,Educacion Basica,5.4455435478929335
2018,Municipal,Región del Maule,Educacion Media,5.0940669753418755
2018,Particular Pagado,Región Metropolitana de Santiago,Educacion Basica,6.0295899016238
2018,Particular Pagado,Región Metropolitana de Santiago,Educacion Media,5.899322528727028
2018,Particular Pagado,Región de Antofagasta,Educacion Basica,5.651619126360756
2018,Particular Pagado,Región de Antofagasta,Educacion Media,5.4793941528707295
2018,Particular Pagado,Región de Arica y Parinacota,Educacion Basica,6.357417802726544
2018,Particular Pagado,Región de Arica y Parinacota,Educacion Media,5.914570858283433
2018,Particular Pagado,Región de Atacama,Educacion Basica,5.994366197183099
2018,Particular Pagado,Región de Atacama,Educacion Media,5.948881239242685
2018,Particular Pagado,Región de Coquimbo,Educacion Basica,5.939276889062296
2018,Particular Pagado,Región de Coquimbo,Educacion Media,5.6750605326876515
2018,Particular Pagado,Región de La Araucanía,Educacion Basica,6.010940803382664
2018,Particular Pagado,Región de La Araucanía,Educacion Media,5.873433420365536
2018,Particular Pagado,Región de Los Lagos,Educacion Basica,6.042847958855673
2018,Particular Pagado,Región de Los Lagos,Educacion Media,5.823606210303457
2018,Particular Pagado,Región de Los Ríos,Educacion Basica,5.969654481722584
2018,Particular Pagado,Región de Los Ríos,Educacion Media,5.97103694874851
2018,Particular Pagado,Región de Magallanes y Antártica Chilena,Educacion Basica,6.0306239015817225
2018,Particular Pagado,Región de Magallanes y Antártica Chilena,Educacion Media,5.670401493930906
2018,Particular Pagado,Región de Tarapacá,Educacion Basica,6.016894761680037
2018,Particular Pagado,Región de Tarapacá,Educacion Media,5.978425655976676
2018,Particular Pagado,Región de Valparaíso,Educacion Basica,5.96620256477362
2018,Particular Pagado,Región de Valparaíso,Educacion Media,5.758997018739352
2018,Particular Pagado,Región de Ñuble,Educacion Basica,6.324196597353497
2018,Particular Pagado,Región de Ñuble,Educacion Media,5.998591549295774
2018,Particular Pagado,Región del Bío-Bío,Educacion Basica,6.020356906807667
2018,Particular Pagado,Región del Bío-Bío,Educacion Media,5.875850713501647
2018,Particular Pagado,Región del Libertador Bernardo O'Higgins,Educacion Basica,6.05783526208305
2018,Particular Pagado,Región del Libertador Bernardo O'Higgins,Educacion Media,5.735224203133441
2018,Particular Pagado,Región del Maule,Educacion Basica,6.067561944391905
2018,Particular Pagado,Región del Maule,Educacion Media,6.0417744092732955
2018,Particular Subvencionado,Región Metropolitana de Santiago,Educacion Basica,5.3893336987012015
2018,Particular Subvencionado,Región Metropolitana de Santiago,Educacion Media,5.087049852338343
2018,Particular Subvencionado,Región de Antofagasta,Educacion Basica,5.631608839698547
2018,Particular Subvencionado,Región de Antofagasta,Educacion Media,5.46909948542024
2018,Particular Subvencionado,Región de Arica y Parinacota,Educacion Basica,5.614172850050712
2018,Particular Subvencionado,Región de Arica y Parinacota,Educacion Media,5.3421938708404575
2018,Particular Subvencionado,Región de Atacama,Educacion Basica,5.7467792834601825
2018,Particular Subvencionado,Región de Atacama,Educacion Media,5.369381716243576
2018,Particular Subvencionado,Región de Aysén del Gral. Ibañez del Campo,Educacion Basica,5.612360128617363
2018,Particular Subvencionado,Región de Aysén del Gral. Ibañez del Campo,Educacion Media,5.323462002412545
2018,Particular Subvencionado,Región de Coquimbo,Educacion Basica,5.546577087918452
2018,Particular Subvencionado,Región de Coquimbo,Educacion Media,5.278206451034049
2018,Particular Subvencionado,Región de La Araucanía,Educacion Basica,5.360324455339191
2018,Particular Subvencionado,Región de La Araucanía,Educacion Media,5.003204872204472
2018,Particular Subvencionado,Región de Los Lagos,Educacion Basica,5.496364988144516
2018,Particular Subvencionado,Región de Los Lagos,Educacion Media,5.203520688830424
2018,Particular Subvencionado,Región de Los Ríos,Educacion Basica,5.440798680750546
2018,Particular Subvencionado,Región de Los Ríos,Educacion Media,5.133952802359882
2018,Particular Subvencionado,Región de Magallanes y Antártica Chilena,Educacion Basica,5.824230430958663
2018,Particular Subvencionado,Región de Magallanes y Antártica Chilena,Educacion Media,5.49778816199377
2018,Particular Subvencionado,Región de Tarapacá,Educacion Basica,5.531950271950272
2018,Particular Subvencionado,Región de Tarapacá,Educacion Media,5.182012814502266
2018,Particular Subvencionado,Región de Valparaíso,Educacion Basica,5.523800337800184
2018,Particular Subvencionado,Región de Valparaíso,Educacion Media,5.28178358342088
2018,Particular Subvencionado,Región de Ñuble,Educacion Basica,5.677189612237638
2018,Particular Subvencionado,Región de Ñuble,Educacion Media,5.432780686445608
2018,Particular Subvencionado,Región del Bío-Bío,Educacion Basica,5.724202550522495
2018,Particular Subvencionado,Región del Bío-Bío,Educacion Media,5.489560377144155
2018,Particular Subvencionado,Región del Libertador Bernardo O'Higgins,Educacion Basica,5.598639246981788
2018,Particular Subvencionado,Región del Libertador Bernardo O'Higgins,Educacion Media,5.2730609196628615
2018,Particular Subvencionado,Región del Maule,Educacion Basica,5.608666588022492
2018,Particular Subvencionado,Región del Maule,Educacion Media,5.375506537197033
2019,Municipal,Región Metropolitana de Santiago,Educacion Basica,5.235922182029615
2019,Municipal,Región Metropolitana de Santiago,Educacion Media,4.897754441110634
2019,Municipal,Región de Antofagasta,Educacion Basica,5.574726014019401
2019,Municipal,Región de Antofagasta,Educacion Media,5.150246926022979
2019,Municipal,Región de Atacama,Educacion Basica,5.560637585620848
2019,Municipal,Región de Atacama,Educacion Media,5.000841107202937
2019,Municipal,Región de Aysén del Gral. Ibañez del Campo,Educacion Basica,5.35892049598833
2019,Municipal,Región de Aysén del Gral. Ibañez del Campo,Educacion Media,4.792034203420342
2019,Municipal,Región de Coquimbo,Educacion Basica,5.4161673505908485
2019,Municipal,Región de Coquimbo,Educacion Media,5.1182849718492855
2019,Municipal,Región de La Araucanía,Educacion Basica,5.461908358509567
2019,Municipal,Región de La Araucanía,Educacion Media,5.079140149908075
2019,Municipal,Región de Los Lagos,Educacion Basica,5.343170376380769
2019,Municipal,Región de Los Lagos,Educacion Media,4.933990303125862
2019,Municipal,Región de Los Ríos,Educacion Basica,5.453398390686526
2019,Municipal,Región de Los Ríos,Educacion Media,5.045235069885642
2019,Municipal,Región de Magallanes y Antártica Chilena,Educacion Basica,5.551345693779904
2019,Municipal,Región de Magallanes y Antártica Chilena,Educacion Media,5.073419473927088
2019,Municipal,Región de Tarapacá,Educacion Basica,5.449200614911607
2019,Municipal,Región de Tarapacá,Educacion Media,4.982557945639487
2019,Municipal,Región de Valparaíso,Educacion Basica,5.313410350480056
2019,Municipal,Región de Valparaíso,Educacion Media,4.9504117436448265
2019,Municipal,Región de Ñuble,Educacion Basica,5.532811503860594
2019,Municipal,Región de Ñuble,Educacion Media,5.170790439530928
2019,Municipal,Región del Bío-Bío,Educacion Basica,5.527864484717338
2019,Municipal,Región del Bío-Bío,Educacion Media,5.190642323451434
2019,Municipal,Región del Libertador Bernardo O'Higgins,Educacion Basica,5.411774884358403
2019,Municipal,Región del Libertador Bernardo O'Higgins,Educacion Media,5.055634696467314
2019,Municipal,Región del Maule,Educacion Basica,5.477785500799333
2019,Municipal,Región del Maule,Educacion Media,5.099975113765643
2019,Particular Pagado,Región Metropolitana de Santiago,Educacion Basica,6.020765372222038
2019,Particular Pagado,Región Metropolitana de Santiago,Educacion Media,5.935266099088625
2019,Particular Pagado,Región de Antofagasta,Educacion Basica,5.999874529485571
2019,Particular Pagado,Región de Antofagasta,Educacion Media,5.757204455623428
2019,Particular Pagado,Región de Arica y Parinacota,Educacion Basica,6.3111026615969585
2019,Particular Pagado,Región de Arica y Parinacota,Educacion Media,6.052255639097745
2019,Particular Pagado,Región de Atacama,Educacion Basica,5.972447408927655
2019,Particular Pagado,Región de Atacama,Educacion Media,5.730068728522337
2019,Particular Pagado,Región de Coquimbo,Educacion Basica,5.9491912225705335
2019,Particular Pagado,Región de Coquimbo,Educacion Media,5.722927100723428
2019,Particular Pagado,Región de La Araucanía,Educacion Basica,6.112639791937581
2019,Particular Pagado,Región de La Araucanía,Educacion Media,5.887436224489796
2019,Particular Pagado,Región de Los Lagos,Educacion Basica,6.077442528735632
2019,Particular Pagado,Región de Los Lagos,Educacion Media,5.92212389380531
2019,Particular Pagado,Región de Los Ríos,Educacion Basica,6.023110893032385
2019,Particular Pagado,Región de Los Ríos,Educacion Media,5.9201413427561835
2019,Particular Pagado,Región de Magallanes y Antártica Chilena,Educacion Basica,6.0959535083943175
2019,Particular Pagado,Región de Magallanes y Antártica Chilena,Educacion Media,5.656741573033708
2019,Particular Pagado,Región de Tarapacá,Educacion Basica,6.1067383216205045
2019,Particular Pagado,Región de Tarapacá,Educacion Media,6.015983026874117
2019,Particular Pagado,Región de Valparaíso,Educacion Basica,5.973233723557199
2019,Particular Pagado,Región de Valparaíso,Educacion Media,5.824911894273128
2019,Particular Pagado,Región de Ñuble,Educacion Basica,6.305993150684931
2019,Particular Pagado,Región de Ñuble,Educacion Media,6.077990430622009
2019,Particular Pagado,Región del Bío-Bío,Educacion Basica,6.121790443293034
2019,Particular Pagado,Región del Bío-Bío,Educacion Media,5.9387296233839235
2019,Particular Pagado,Región del Libertador Bernardo O'Higgins,Educacion Basica,6.089623532586695
2019,Particular Pagado,Región del Libertador Bernardo O'Higgins,Educacion Media,5.812671045429666
2019,Particular Pagado,Región del Maule,Educacion Basica,6.268180076628353
2019,Particular Pagado,Región del Maule,Educacion Media,6.210264455401165
2019,Particular Subvencionado,Región Metropolitana de Santiago,Educacion Basica,5.399987676153974
2019,Particular Subvencionado,Región Metropolitana de Santiago,Educacion Media,5.093595002300297
2019,Particular Subvencionado,Región de Antofagasta,Educacion Basica,5.760927416431006
2019,Particular Subvencionado,Región de Antofagasta,Educacion Media,5.498781592162674
2019,Particular Subvencionado,Región de Arica y Parinacota,Educacion Basica,5.687297705156893
2019,Particular Subvencionado,Región de Arica y Parinacota,Educacion Media,5.32181681869299
2019,Particular Subvencionado,Región de Atacama,Educacion Basica,5.7646484909273275
2019,Particular Subvencionado,Región de Atacama,Educacion Media,5.36659084015772
2019,Particular Subvencionado,Región de Aysén del Gral. Ibañez del Campo,Educacion Basica,5.621038392166967
2019,Particular Subvencionado,Región de Aysén del Gral. Ibañez del Campo,Educacion Media,5.27005988023952
2019,Particular Subvencionado,Región de Coquimbo,Educacion Basica,5.585586212081345
2019,Particular Subvencionado,Región de Coquimbo,Educacion Media,5.332267416322586
2019,Particular Subvencionado,Región de La Araucanía,Educacion Basica,5.367122410905179
2019,Particular Subvencionado,Región de La Araucanía,Educacion Media,5.010221736104206
2019,Particular Subvencionado,Región de Los Lagos,Educacion Basica,5.5621571047497715
2019,Particular Subvencionado,Región de Los Lagos,Educacion Media,5.224669749009247
2019,Particular Subvencionado,Región de Los Ríos,Educacion Basica,5.474554818435754
2019,Particular Subvencionado,Región de Los Ríos,Educacion Media,5.140888888888889
2019,Particular Subvencionado,Región de Magallanes y Antártica Chilena,Educacion Basica,5.8630734966592435
2019,Particular Subvencionado,Región de Magallanes y Antártica Chilena,Educacion Media,5.4728260869565215
2019,Particular Subvencionado,Región de Tarapacá,Educacion Basica,5.595920239770017
2019,Particular Subvencionado,Región de Tarapacá,Educacion Media,5.29974343025968
2019,Particular Subvencionado,Región de Valparaíso,Educacion Basica,5.582189966938802
2019,Particular Subvencionado,Región de Valparaíso,Educacion Media,5.312674113915323
2019,Particular Subvencionado,Región de Ñuble,Educacion Basica,5.732733534828144
2019,Particular Subvencionado,Región de Ñuble,Educacion Media,5.4107403694687095
2019,Particular Subvencionado,Región del Bío-Bío,Educacion Basica,5.7444127330254835
2019,Particular Subvencionado,Región del Bío-Bío,Educacion Media,5.504851468717154
2019,Particular Subvencionado,Región del Libertador Bernardo O'Higgins,Educacion Basica,5.653631341237197
2019,Particular Subvencionado,Región del Libertador Bernardo O'Higgins,Educacion Media,5.27788191190253
2019,Particular Subvencionado,Región del Maule,Educacion Basica,5.673982535774734
2019,Particular Subvencionado,Región del Maule,Educacion Media,5.410302823315118
2020,Municipal,Región Metropolitana de Santiago,Educacion Basica,5.628495350498877
2020,Municipal,Región Metropolitana de Santiago,Educacion Media,5.486864903429649
2020,Municipal,Región de Antofagasta,Educacion Basica,5.749192394193416
2020,Municipal,Región de Antofagasta,Educacion Media,5.457492402808341
2020,Municipal,Región de Atacama,Educacion Basica,5.849380254365165
2020,Municipal,Región de Atacama,Educacion Media,5.46823734729494
2020,Municipal,Región de Aysén del Gral. Ibañez del Campo,Educacion Basica,5.877257630871422
2020,Municipal,Región de Aysén del Gral. Ibañez del Campo,Educacion Media,5.461320316132031
2020,Municipal,Región de Coquimbo,Educacion Basica,5.8391354876198465
2020,Municipal,Región de Coquimbo,Educacion Media,5.496633593196314
2020,Municipal,Región de La Araucanía,Educacion Basica,5.908694091463852
2020,Municipal,Región de La Araucanía,Educacion Media,5.616171311635159
2020,Municipal,Región de Los Lagos,Educacion Basica,5.8537006379714125
2020,Municipal,Región de Los Lagos,Educacion Media,5.250996015936255
2020,Municipal,Región de Los Ríos,Educacion Basica,5.825615651222182
2020,Municipal,Región de Los Ríos,Educacion Media,5.561319569120287
2020,Municipal,Región de Magallanes y Antártica Chilena,Educacion Basica,6.029158327188455
2020,Municipal,Región de Magallanes y Antártica Chilena,Educacion Media,5.62371550903901
2020,Municipal,Región de Tarapacá,Educacion Basica,5.6420693575895395
2020,Municipal,Región de Tarapacá,Educacion Media,5.50479381443299
2020,Municipal,Región de Valparaíso,Educacion Basica,5.716358710073882
2020,Municipal,Región de Valparaíso,Educacion Media,5.36873491899345
2020,Municipal,Región de Ñuble,Educacion Basica,5.917898611216513
2020,Municipal,Región de Ñuble,Educacion Media,5.616222405422736
2020,Municipal,Región del Bío-Bío,Educacion Basica,5.917874703534448
2020,Municipal,Región del Bío-Bío,Educacion Media,5.610619248167213
2020,Municipal,Región del Libertador Bernardo O'Higgins,Educacion Basica,5.75183367862465
2020,Municipal,Región del Libertador Bernardo O'Higgins,Educacion Media,5.443207961742277
2020,Municipal,Región del Maule,Educacion Basica,5.852306944403524
2020,Municipal,Región del Maule,Educacion Media,5.534725438924169
2020,Particular Pagado,Región Metropolitana de Santiago,Educacion Basica,6.138449348900603
2020,Particular Pagado,Región Metropolitana de Santiago,Educacion Media,6.213677566767801
2020,Particular Pagado,Región de Antofagasta,Educacion Basica,5.962795248078267
2020,Particular Pagado,Región de Antofagasta,Educacion Media,6.027519656897784
2020,Particular Pagado,Región de Arica y Parinacota,Educacion Basica,6.581070597362296
2020,Particular Pagado,Región de Arica y Parinacota,Educacion Media,6.440518962075848
2020,Particular Pagado,Región de Atacama,Educacion Basica,6.280712979890311
2020,Particular Pagado,Región de Atacama,Educacion Media,6.212366412213741
2020,Particular Pagado,Región de Coquimbo,Educacion Basica,6.140663589871522
2020,Particular Pagado,Región de Coquimbo,Educacion Media,6.117319065052097
2020,Particular Pagado,Región de La Araucanía,Educacion Basica,6.317782268249558
2020,Particular Pagado,Región de La Araucanía,Educacion Media,6.299872935196951
2020,Particular Pagado,Región de Los Lagos,Educacion Basica,6.059608780050769
2020,Particular Pagado,Región de Los Lagos,Educacion Media,6.068232136866824
2020,Particular Pagado,Región de Los Ríos,Educacion Basica,6.264867469879518
2020,Particular Pagado,Región de Los Ríos,Educacion Media,6.2296045197740115
2020,Particular Pagado,Región de Magallanes y Antártica Chilena,Educacion Basica,6.314715860899067
2020,Particular Pagado,Región de Magallanes y Antártica Chilena,Educacion Media,6.087973484848485
2020,Particular Pagado,Región de Tarapacá,Educacion Basica,6.217894736842105
2020,Particular Pagado,Región de Tarapacá,Educacion Media,6.293539325842697
2020,Particular Pagado,Región de Valparaíso,Educacion Basica,6.151634483807206
2020,Particular Pagado,Región de Valparaíso,Educacion Media,6.156035734226689
2020,Particular Pagado,Región de Ñuble,Educacion Basica,6.605700325732899
2020,Particular Pagado,Región de Ñuble,Educacion Media,6.410222222222222
2020,Particular Pagado,Región del Bío-Bío,Educacion Basica,6.232405132405132
2020,Particular Pagado,Región del Bío-Bío,Educacion Media,6.0092968890487315
2020,Particular Pagado,Región del Libertador Bernardo O'Higgins,Educacion Basica,6.3315387760665125
2020,Particular Pagado,Región del Libertador Bernardo O'Higgins,Educacion Media,6.314126186487996
2020,Particular Pagado,Región del Maule,Educacion Basica,6.497175249807841
2020,Particular Pagado,Región del Maule,Educacion Media,6.642417484388938
2020,Particular Subvencionado,Región Metropolitana de Santiago,Educacion Basica,5.899386734658659
2020,Particular Subvencionado,Región Metropolitana de Santiago,Educacion Media,5.655420476340278
2020,Particular Subvencionado,Región de Antofagasta,Educacion Basica,6.1236442997706595
2020,Particular Subvencionado,Región de Antofagasta,Educacion Media,5.809593588082902
2020,Particular Subvencionado,Región de Arica y Parinacota,Educacion Basica,5.993708399366085
2020,Particular Subvencionado,Región de Arica y Parinacota,Educacion Media,5.8790275853382035
2020,Particular Subvencionado,Región de Atacama,Educacion Basica,6.3197569543339975
2020,Particular Subvencionado,Región de Atacama,Educacion Media,5.891680814940576
2020,Particular Subvencionado,Región de Aysén del Gral. Ibañez del Campo,Educacion Basica,6.334146668454217
2020,Particular Subvencionado,Región de Aysén del Gral. Ibañez del Campo,Educacion Media,6.15199179847686
2020,Particular Subvencionado,Región de Coquimbo,Educacion Basica,6.056431056688645
2020,Particular Subvencionado,Región de Coquimbo,Educacion Media,5.818188665869113
2020,Particular Subvencionado,Región de La Araucanía,Educacion Basica,5.9424183509133375
2020,Particular Subvencionado,Región de La Araucanía,Educacion Media,5.601074672398253
2020,Particular Subvencionado,Región de Los Lagos,Educacion Basica,6.061084322453016
2020,Particular Subvencionado,Región de Los Lagos,Educacion Media,5.682575363210449
2020,Particular Subvencionado,Región de Los Ríos,Educacion Basica,5.973316991238822
2020,Particular Subvencionado,Región de Los Ríos,Educacion Media,5.606786223761973
2020,Particular Subvencionado,Región de Magallanes y Antártica Chilena,Educacion Basica,6.372184531886024
2020,Particular Subvencionado,Región de Magallanes y Antártica Chilena,Educacion Media,6.034691319335631
2020,Particular Subvencionado,Región de Tarapacá,Educacion Basica,6.00129170816733
2020,Particular Subvencionado,Región de Tarapacá,Educacion Media,5.8035323067153515
2020,Particular Subvencionado,Región de Valparaíso,Educacion Basica,6.03658973338639
2020,Particular Subvencionado,Región de Valparaíso,Educacion Media,5.842192189167959
2020,Particular Subvencionado,Región de Ñuble,Educacion Basica,6.0539216034684955
2020,Particular Subvencionado,Región de Ñuble,Educacion Media,5.850646693459993
2020,Particular Subvencionado,Región del Bío-Bío,Educacion Basica,6.132170438555977
2020,Particular Subvencionado,Región del Bío-Bío,Educacion Media,6.00457998579002
2020,Particular Subvencionado,Región del Libertador Bernardo O'Higgins,Educacion Basica,6.072971477747726
2020,Particular Subvencionado,Región del Libertador Bernardo O'Higgins,Educacion Media,5.741835429545939
2020,Particular Subvencionado,Región del Maule,Educacion Basica,6.202343117213715
2020,Particular Subvencionado,Región del Maule,Educacion Media,5.92425242792983
2021,Municipal,Región Metropolitana de Santiago,Educacion Basica,5.6339305045207135
2021,Municipal,Región Metropolitana de Santiago,Educacion Media,5.304088509491183
2021,Municipal,Región de Antofagasta,Educacion Basica,5.830379661474138
2021,Municipal,Región de Antofagasta,Educacion Media,5.328635674318883
2021,Municipal,Región de Aysén del Gral. Ibañez del Campo,Educacion Basica,5.736477695167286
2021,Municipal,Región de Aysén del Gral. Ibañez del Campo,Educacion Media,5.058064516129032
2021,Municipal,Región de Coquimbo,Educacion Basica,5.860249393619006
2021,Municipal,Región de Coquimbo,Educacion Media,5.358819031435854
2021,Municipal,Región de La Araucanía,Educacion Basica,5.894863459037711
2021,Municipal,Región de La Araucanía,Educacion Media,5.409508476181457
2021,Municipal,Región de Los Lagos,Educacion Basica,5.7847214548802945
2021,Municipal,Región de Los Lagos,Educacion Media,5.229135346806499
2021,Municipal,Región de Los Ríos,Educacion Basica,5.860565396314189
2021,Municipal,Región de Los Ríos,Educacion Media,5.450589788732394
2021,Municipal,Región de Magallanes y Antártica Chilena,Educacion Basica,5.943418281381634
2021,Municipal,Región de Magallanes y Antártica Chilena,Educacion Media,5.49635599159075
2021,Municipal,Región de Tarapacá,Educacion Basica,5.684556467370066
2021,Municipal,Región de Tarapacá,Educacion Media,5.267942353883107
2021,Municipal,Región de Valparaíso,Educacion Basica,5.795444007033159
2021,Municipal,Región de Valparaíso,Educacion Media,5.314515991833957
2021,Municipal,Región de Ñuble,Educacion Basica,5.918686179820843
2021,Municipal,Región de Ñuble,Educacion Media,5.440260877177624
2021,Municipal,Región del Bío-Bío,Educacion Basica,5.931368518572132
2021,Municipal,Región del Bío-Bío,Educacion Media,5.491761048873569
2021,Municipal,Región del Libertador Bernardo O'Higgins,Educacion Basica,5.805691647009012
2021,Municipal,Región del Libertador Bernardo O'Higgins,Educacion Media,5.418120168824394
2021,Municipal,Región del Maule,Educacion Basica,5.8727280501710375
2021,Municipal,Región del Maule,Educacion Media,5.438279445727483
2021,Particular Pagado,Región Metropolitana de Santiago,Educacion Basica,6.202467962732502
2021,Particular Pagado,Región Metropolitana de Santiago,Educacion Media,6.149261601360258
2021,Particular Pagado,Región de Antofagasta,Educacion Basica,5.98014409221902
2021,Particular Pagado,Región de Antofagasta,Educacion Media,5.96573648887319
2021,Particular Pagado,Región de Arica y Parinacota,Educacion Basica,6.427870090634441
2021,Particular Pagado,Región de Arica y Parinacota,Educacion Media,6.257142857142857
2021,Particular Pagado,Región de Atacama,Educacion Basica,5.714664926022628
2021,Particular Pagado,Región de Atacama,Educacion Media,6.061232876712329
2021,Particular Pagado,Región de Coquimbo,Educacion Basica,6.278579523989421
2021,Particular Pagado,Región de Coquimbo,Educacion Media,6.067382213548927
2021,Particular Pagado,Región de La Araucanía,Educacion Basica,6.139515151515152
2021,Particular Pagado,Región de La Araucanía,Educacion Media,6.194003527336861
2021,Particular Pagado,Región de Los Lagos,Educacion Basica,6.160524772793901
2021,Particular Pagado,Región de Los Lagos,Educacion Media,5.870549951187765
2021,Particular Pagado,Región de Los Ríos,Educacion Basica,6.292753623188406
2021,Particular Pagado,Región de Los Ríos,Educacion Media,6.268618784530387
2021,Particular Pagado,Región de Magallanes y Antártica Chilena,Educacion Basica,6.333875106928999
2021,Particular Pagado,Región de Magallanes y Antártica Chilena,Educacion Media,6.053125
2021,Particular Pagado,Región de Tarapacá,Educacion Basica,6.337320574162679
2021,Particular Pagado,Región de Tarapacá,Educacion Media,6.275396825396825
2021,Particular Pagado,Región de Valparaíso,Educacion Basica,6.302212921789171
2021,Particular Pagado,Región de Valparaíso,Educacion Media,6.101081812035159
2021,Particular Pagado,Región de Ñuble,Educacion Basica,6.457959814528594
2021,Particular Pagado,Región de Ñuble,Educacion Media,6.212888888888889
2021,Particular Pagado,Región del Bío-Bío,Educacion Basica,6.218923750782158
2021,Particular Pagado,Región del Bío-Bío,Educacion Media,6.058222138695734
2021,Particular Pagado,Región del Libertador Bernardo O'Higgins,Educacion Basica,6.297814427460445
2021,Particular Pagado,Región del Libertador Bernardo O'Higgins,Educacion Media,6.033775933609958
2021,Particular Pagado,Región del Maule,Educacion Basica,6.434076086956521
2021,Particular Pagado,Región del Maule,Educacion Media,6.23391304347826
2021,Particular Subvencionado,Región Metropolitana de Santiago,Educacion Basica,5.8562015802824625
2021,Particular Subvencionado,Región Metropolitana de Santiago,Educacion Media,5.503608265306628
2021,Particular Subvencionado,Región de Antofagasta,Educacion Basica,6.083731580308011
2021,Particular Subvencionado,Región de Antofagasta,Educacion Media,5.764721030042918
2021,Particular Subvencionado,Región de Arica y Parinacota,Educacion Basica,6.005095376321791
2021,Particular Subvencionado,Región de Arica y Parinacota,Educacion Media,5.6609365372766485
2021,Particular Subvencionado,Región de Atacama,Educacion Basica,6.191873316615584
2021,Particular Subvencionado,Región de Atacama,Educacion Media,5.715241802665069
2021,Particular Subvencionado,Región de Aysén del Gral. Ibañez del Campo,Educacion Basica,5.962648970747562
2021,Particular Subvencionado,Región de Aysén del Gral. Ibañez del Campo,Educacion Media,5.606627155172413
2021,Particular Subvencionado,Región de Coquimbo,Educacion Basica,6.006878168315906
2021,Particular Subvencionado,Región de Coquimbo,Educacion Media,5.713073423748991
2021,Particular Subvencionado,Región de La Araucanía,Educacion Basica,5.869837375578298
2021,Particular Subvencionado,Región de La Araucanía,Educacion Media,5.4177534817128725
2021,Particular Subvencionado,Región de Los Lagos,Educacion Basica,5.971952727493869
2021,Particular Subvencionado,Región de Los Lagos,Educacion Media,5.520598535498249
2021,Particular Subvencionado,Región de Los Ríos,Educacion Basica,5.898707592891761
2021,Particular Subvencionado,Región de Los Ríos,Educacion Media,5.587974992673635
2021,Particular Subvencionado,Región de Magallanes y Antártica Chilena,Educacion Basica,6.280223093156467
2021,Particular Subvencionado,Región de Magallanes y Antártica Chilena,Educacion Media,5.911558980438648
2021,Particular Subvencionado,Región de Tarapacá,Educacion Basica,5.9351507200390525
2021,Particular Subvencionado,Región de Tarapacá,Educacion Media,5.605239807236289
2021,Particular Subvencionado,Región de Valparaíso,Educacion Basica,6.006992315949091
2021,Particular Subvencionado,Región de Valparaíso,Educacion Media,5.65244326909989
2021,Particular Subvencionado,Región de Ñuble,Educacion Basica,6.153763478627375
2021,Particular Subvencionado,Región de Ñuble,Educacion Media,5.823119697725814
2021,Particular Subvencionado,Región del Bío-Bío,Educacion Basica,6.137277350982103
2021,Particular Subvencionado,Región del Bío-Bío,Educacion Media,5.853198838213361
2021,Particular Subvencionado,Región del Libertador Bernardo O'Higgins,Educacion Basica,6.051524889346996
2021,Particular Subvencionado,Región del Libertador Bernardo O'Higgins,Educacion Media,5.712557220141489
2021,Particular Subvencionado,Región del Maule,Educacion Basica,6.111815475633273
2021,Particular Subvencionado,Región del Maule,Educacion Media,5.719965977589586
2022,Municipal,Región Metropolitana de Santiago,Educacion Basica,5.31743201822221
2022,Municipal,Región Metropolitana de Santiago,Educacion Media,4.967460299299804
2022,Municipal,Región de Antofagasta,Educacion Basica,5.619693790639217
2022,Municipal,Región de Antofagasta,Educacion Media,5.249731989181215
2022,Municipal,Región de Aysén del Gral. Ibañez del Campo,Educacion Basica,5.539277108433735
2022,Municipal,Región de Aysén del Gral. Ibañez del Campo,Educacion Media,4.933028616852146
2022,Municipal,Región de Coquimbo,Educacion Basica,5.584396895078059
2022,Municipal,Región de Coquimbo,Educacion Media,5.157100456621005
2022,Municipal,Región de La Araucanía,Educacion Basica,5.563464967598835
2022,Municipal,Región de La Araucanía,Educacion Media,5.1846228070175435
2022,Municipal,Región de Los Lagos,Educacion Basica,5.4373396560389855
2022,Municipal,Región de Los Lagos,Educacion Media,4.9913702864207705
2022,Municipal,Región de Los Ríos,Educacion Basica,5.574673771661143
2022,Municipal,Región de Los Ríos,Educacion Media,5.20787082116196
2022,Municipal,Región de Magallanes y Antártica Chilena,Educacion Basica,5.685418350848828
2022,Municipal,Región de Magallanes y Antártica Chilena,Educacion Media,5.292590978426673
2022,Municipal,Región de Tarapacá,Educacion Basica,5.587343862167983
2022,Municipal,Región de Tarapacá,Educacion Media,5.214498664041626
2022,Municipal,Región de Valparaíso,Educacion Basica,5.481725114974442
2022,Municipal,Región de Valparaíso,Educacion Media,5.041458029265371
2022,Municipal,Región de Ñuble,Educacion Basica,5.652006537766032
2022,Municipal,Región de Ñuble,Educacion Media,5.283352217546131
2022,Municipal,Región del Bío-Bío,Educacion Basica,5.621078605604922
2022,Municipal,Región del Bío-Bío,Educacion Media,5.276705746128238
2022,Municipal,Región del Libertador Bernardo O'Higgins,Educacion Basica,5.544762188092671
2022,Municipal,Región del Libertador Bernardo O'Higgins,Educacion Media,5.229044227406491
2022,Municipal,Región del Maule,Educacion Basica,5.5875642546461055
2022,Municipal,Región del Maule,Educacion Media,5.206859479602942
2022,Particular Pagado,Región Metropolitana de Santiago,Educacion Basica,6.14780527972085
2022,Particular Pagado,Región Metropolitana de Santiago,Educacion Media,5.984456777418407
2022,Particular Pagado,Región de Antofagasta,Educacion Basica,6.1634000852151685
2022,Particular Pagado,Región de Antofagasta,Educacion Media,5.9847307430129515
2022,Particular Pagado,Región de Arica y Parinacota,Educacion Basica,6.426685198054204
2022,Particular Pagado,Región de Arica y Parinacota,Educacion Media,6.1945
2022,Particular Pagado,Región de Atacama,Educacion Basica,6.263985205732778
2022,Particular Pagado,Región de Atacama,Educacion Media,6.052369380315918
2022,Particular Pagado,Región de Coquimbo,Educacion Basica,6.115132480584742
2022,Particular Pagado,Región de Coquimbo,Educacion Media,5.905117270788913
2022,Particular Pagado,Región de La Araucanía,Educacion Basica,6.355078849721706
2022,Particular Pagado,Región de La Araucanía,Educacion Media,6.100168634064081
2022,Particular Pagado,Región de Los Lagos,Educacion Basica,6.1817093086554165
2022,Particular Pagado,Región de Los Lagos,Educacion Media,5.92828409805154
2022,Particular Pagado,Región de Los Ríos,Educacion Basica,6.260598179453837
2022,Particular Pagado,Región de Los Ríos,Educacion Media,6.172331606217616
2022,Particular Pagado,Región de Magallanes y Antártica Chilena,Educacion Basica,6.141559454191033
2022,Particular Pagado,Región de Magallanes y Antártica Chilena,Educacion Media,5.857063197026022
2022,Particular Pagado,Región de Tarapacá,Educacion Basica,6.254385964912281
2022,Particular Pagado,Región de Tarapacá,Educacion Media,6.226951219512196
2022,Particular Pagado,Región de Valparaíso,Educacion Basica,6.233295854517012
2022,Particular Pagado,Región de Valparaíso,Educacion Media,6.094610649098175
2022,Particular Pagado,Región de Ñuble,Educacion Basica,6.352083333333334
2022,Particular Pagado,Región de Ñuble,Educacion Media,6.190582959641255
2022,Particular Pagado,Región del Bío-Bío,Educacion Basica,6.2636834383360664
2022,Particular Pagado,Región del Bío-Bío,Educacion Media,5.994092062341428
2022,Particular Pagado,Región del Libertador Bernardo O'Higgins,Educacion Basica,6.308567415730336
2022,Particular Pagado,Región del Libertador Bernardo O'Higgins,Educacion Media,6.054189636163175
2022,Particular Pagado,Región del Maule,Educacion Basica,6.339022746419545
2022,Particular Pagado,Región del Maule,Educacion Media,6.175262135922329
2022,Particular Subvencionado,Región Metropolitana de Santiago,Educacion Basica,5.593400208468786
2022,Particular Subvencionado,Región Metropolitana de Santiago,Educacion Media,5.313682911667516
2022,Particular Subvencionado,Región de Antofagasta,Educacion Basica,5.888199730487671
2022,Particular Subvencionado,Región de Antofagasta,Educacion Media,5.665932228039558
2022,Particular Subvencionado,Región de Arica y Parinacota,Educacion Basica,5.721860028646219
2022,Particular Subvencionado,Región de Arica y Parinacota,Educacion Media,5.388039008342146
2022,Particular Subvencionado,Región de Atacama,Educacion Basica,6.006359227742703
2022,Particular Subvencionado,Región de Atacama,Educacion Media,5.617560477994753
2022,Particular Subvencionado,Región de Aysén del Gral. Ibañez del Campo,Educacion Basica,5.801281359589964
2022,Particular Subvencionado,Región de Aysén del Gral. Ibañez del Campo,Educacion Media,5.504016584607411
2022,Particular Subvencionado,Región de Coquimbo,Educacion Basica,5.809148882661494
2022,Particular Subvencionado,Región de Coquimbo,Educacion Media,5.530189053935976
2022,Particular Subvencionado,Región de La Araucanía,Educacion Basica,5.562387295217225
2022,Particular Subvencionado,Región de La Araucanía,Educacion Media,5.157132408959317
2022,Particular Subvencionado,Región de Los Lagos,Educacion Basica,5.73975303335222
2022,Particular Subvencionado,Región de Los Lagos,Educacion Media,5.370040171050927
2022,Particular Subvencionado,Región de Los Ríos,Educacion Basica,5.664814814814815
2022,Particular Subvencionado,Región de Los Ríos,Educacion Media,5.276322104701804
2022,Particular Subvencionado,Región de Magallanes y Antártica Chilena,Educacion Basica,6.093385214007782
2022,Particular Subvencionado,Región de Magallanes y Antártica Chilena,Educacion Media,5.654287320775935
2022,Particular Subvencionado,Región de Tarapacá,Educacion Basica,5.703455337313605
2022,Particular Subvencionado,Región de Tarapacá,Educacion Media,5.510934565939621
2022,Particular Subvencionado,Región de Valparaíso,Educacion Basica,5.712427408104338
2022,Particular Subvencionado,Región de Valparaíso,Educacion Media,5.497346469017586
2022,Particular Subvencionado,Región de Ñuble,Educacion Basica,5.903335811815601
2022,Particular Subvencionado,Región de Ñuble,Educacion Media,5.590023341113704
2022,Particular Subvencionado,Región del Bío-Bío,Educacion Basica,5.914156694745947
2022,Particular Subvencionado,Región del Bío-Bío,Educacion Media,5.664011213933064
2022,Particular Subvencionado,Región del Libertador Bernardo O'Higgins,Educacion Basica,5.815795325972455
2022,Particular Subvencionado,Región del Libertador Bernardo O'Higgins,Educacion Media,5.546832322634718
2022,Particular Subvencionado,Región del Maule,Educacion Basica,5.877327493743296
2022,Particular Subvencionado,Región del Maule,Educacion Media,5.519589675711449
